customer_state,customer_city,total_customers
AC,rio branco,70
AC,cruzeiro do sul,3
AC,xapuri,2
AC,senador guiomard,2
AC,epitaciolandia,1
AC,manoel urbano,1
AC,porto acre,1
AC,brasileia,1
AL,maceio,247
AL,arapiraca,29
AL,teotonio vilela,8
AL,penedo,8
AL,palmeira dos indios,8
AL,rio largo,6
AL,maragogi,5
AL,delmiro gouveia,4
AL,belem,3
AL,pilar,3
AL,coruripe,3
AL,santana do mundau,3
AL,olho d'agua das flores,3
AL,batalha,3
AL,colonia leopoldina,2
AL,porto calvo,2
AL,anadia,2
AL,barra de sao miguel,2
AL,sao miguel dos campos,2
AL,igreja nova,2
AL,mar vermelho,2
AL,campo alegre,2
AL,jequia da praia,2
AL,uniao dos palmares,2
AL,sao jose da laje,2
AL,tanque d'arca,2
AL,igaci,2
AL,ibateguara,2
AL,junqueiro,2
AL,sao luis do quitunde,2
AL,piacabucu,2
AL,mata grande,2
AL,inhapi,2
AL,paulo jacinto,2
AL,maravilha,2
AL,feliz deserto,2
AL,pindoba,2
AL,satuba,2
AL,boca da mata,2
AL,barra de santo antonio,2
AL,murici,1
AL,passo de camaragibe,1
AL,cajueiro,1
AL,novo lino,1
AL,coite do noia,1
AL,monteiropolis,1
AL,girau do ponciano,1
AL,sao bras,1
AL,marechal deodoro,1
AL,santana do ipanema,1
AL,sao sebastiao,1
AL,canapi,1
AL,dois riachos,1
AL,matriz de camaragibe,1
AL,sao jose da tapera,1
AL,porto de pedras,1
AL,vicosa,1
AL,cacimbinhas,1
AL,atalaia,1
AL,paripueira,1
AL,pau d'arco,1
AL,agua branca,1
AL,luziapolis,1
AL,taquarana,1
AL,lagoa da canoa,1
AL,santa luzia do norte,1
AL,traipu,1
AL,maribondo,1
AM,manaus,140
AM,humaita,4
AM,urucurituba,2
AM,coari,1
AM,itacoatiara,1
AP,macapa,54
AP,santana,9
AP,laranjal do jari,2
AP,oiapoque,1
AP,porto grande,1
AP,vitoria do jari,1
BA,salvador,1245
BA,feira de santana,185
BA,vitoria da conquista,92
BA,lauro de freitas,75
BA,ilheus,72
BA,itabuna,62
BA,camacari,61
BA,barreiras,52
BA,juazeiro,44
BA,porto seguro,41
BA,alagoinhas,40
BA,paulo afonso,40
BA,guanambi,38
BA,eunapolis,38
BA,luis eduardo magalhaes,36
BA,jequie,36
BA,valenca,35
BA,santo antonio de jesus,30
BA,teixeira de freitas,29
BA,jacobina,24
BA,dias d'avila,24
BA,brumado,22
BA,simoes filho,21
BA,senhor do bonfim,19
BA,itapetinga,18
BA,cruz das almas,18
BA,serrinha,15
BA,santa maria da vitoria,13
BA,pojuca,13
BA,candeias,13
BA,irece,13
BA,itamaraju,12
BA,mata de sao joao,12
BA,itaberaba,10
BA,catu,10
BA,campo formoso,10
BA,santo amaro,10
BA,cicero dantas,10
BA,caetite,10
BA,camamu,9
BA,bom jesus da lapa,9
BA,conceicao do coite,9
BA,valente,9
BA,macaubas,9
BA,coribe,8
BA,ribeira do pombal,8
BA,arraial d'ajuda,8
BA,tucano,8
BA,itacare,8
BA,nucleo residencial pilar,8
BA,ipira,8
BA,ipiau,8
BA,barra da estiva,7
BA,mucuri,7
BA,ruy barbosa,7
BA,potiragua,7
BA,inhambupe,7
BA,cansancao,7
BA,vera cruz,7
BA,ibotirama,7
BA,casa nova,7
BA,madre de deus,7
BA,medeiros neto,7
BA,morro do chapeu,7
BA,trancoso,6
BA,camacan,6
BA,entre rios,6
BA,seabra,6
BA,jeremoabo,6
BA,piritiba,6
BA,canavieiras,6
BA,esplanada,6
BA,ubaira,6
BA,maracas,5
BA,miguel calmon,5
BA,livramento de nossa senhora,5
BA,una,5
BA,utinga,5
BA,riachao do jacuipe,5
BA,iraquara,5
BA,prado,5
BA,paramirim,5
BA,capim grosso,5
BA,sobradinho,5
BA,remanso,5
BA,ibicarai,5
BA,sao sebastiao do passe,5
BA,euclides da cunha,5
BA,andorinha,5
BA,santo estevao,5
BA,santa cruz cabralia,5
BA,pilao arcado,4
BA,iacu,4
BA,rio do pires,4
BA,uaua,4
BA,uibai,4
BA,buerarema,4
BA,tanhacu,4
BA,serra do ramalho,4
BA,teolandia,4
BA,cachoeira,4
BA,queimadas,4
BA,jacaraci,4
BA,ubaitaba,4
BA,posto da mata,4
BA,riacho de santana,4
BA,itiuba,4
BA,alcobaca,4
BA,presidente tancredo neves,4
BA,mutuipe,4
BA,crisopolis,4
BA,gandu,4
BA,itabela,4
BA,coaraci,4
BA,nazare,4
BA,rio de contas,3
BA,ibicoara,3
BA,teofilandia,3
BA,caldeirao grande,3
BA,itajuipe,3
BA,santaluz,3
BA,quixabeira,3
BA,caravelas,3
BA,xique-xique,3
BA,santa ines,3
BA,belo campo,3
BA,itapitanga,3
BA,barra do choca,3
BA,pindobacu,3
BA,tabocas do brejo velho,3
BA,nova soure,3
BA,itubera,3
BA,sao domingos,3
BA,tanque novo,3
BA,curaca,3
BA,itirucu,3
BA,barra do tarrachil,3
BA,serrolandia,3
BA,sao francisco do conde,3
BA,cacule,3
BA,amelia rodrigues,3
BA,candido sales,3
BA,araci,3
BA,coronel joao sa,3
BA,formosa do rio preto,3
BA,itatim,3
BA,rodelas,3
BA,olindina,3
BA,presidente dutra,3
BA,itambe,3
BA,itarantim,3
BA,rio real,3
BA,itamari,3
BA,santana,3
BA,ituacu,3
BA,dom basilio,3
BA,conceicao do jacuipe,3
BA,barra do mendes,3
BA,wenceslau guimaraes,2
BA,itagi,2
BA,nova canaa,2
BA,santa teresinha,2
BA,vereda,2
BA,catu de abrantes,2
BA,jaguaquara,2
BA,itapicuru,2
BA,ichu,2
BA,itabatan,2
BA,ibiraja,2
BA,mascote,2
BA,urandi,2
BA,ibiassuce,2
BA,piata,2
BA,carinhanha,2
BA,iramaia,2
BA,caturama,2
BA,barra,2
BA,jussari,2
BA,arembepe,2
BA,iguai,2
BA,baianopolis,2
BA,morpara,2
BA,aramari,2
BA,quijingue,2
BA,pintadas,2
BA,irara,2
BA,serra dourada,2
BA,conde,2
BA,cristopolis,2
BA,itamira,2
BA,castro alves,2
BA,sao felipe,2
BA,pindai,2
BA,abaira,2
BA,milagres,2
BA,sapeacu,2
BA,riachao das neves,2
BA,palmeiras,2
BA,tapiramuta,2
BA,buritirama,2
BA,muquem do sao francisco,2
BA,paripiranga,2
BA,itororo,2
BA,ibirataia,2
BA,wanderley,2
BA,abrantes,2
BA,correntina,2
BA,maragogipe,2
BA,elisio medrado,2
BA,dario meira,2
BA,monte gordo,2
BA,boninal,2
BA,urucuca,2
BA,guaratinga,2
BA,pocoes,2
BA,abare,2
BA,sao jose da vitoria,2
BA,sitio do quinto,2
BA,ubata,2
BA,barro alto,2
BA,fatima,2
BA,bom jesus da serra,2
BA,ibipitanga,2
BA,oliveira dos brejinhos,2
BA,piripa,2
BA,bonito,2
BA,conceicao da feira,2
BA,rio do antonio,2
BA,jucurucu,2
BA,itagiba,2
BA,saude,2
BA,mairi,2
BA,antonio cardoso,2
BA,umburanas,1
BA,capela do alto alegre,1
BA,ibitiara,1
BA,nova fatima,1
BA,belmonte,1
BA,candeal,1
BA,jandaira,1
BA,igapora,1
BA,itaparica,1
BA,arataca,1
BA,ipupiara,1
BA,barro preto,1
BA,itaju do colonia,1
BA,apuarema,1
BA,ibitira,1
BA,ibirapua,1
BA,sao felix,1
BA,heliopolis,1
BA,itagimirim,1
BA,acajutiba,1
BA,chorrocho,1
BA,cabaceiras do paraguacu,1
BA,muritiba,1
BA,central,1
BA,morro de sao paulo,1
BA,varzedo,1
BA,campo alegre de lourdes,1
BA,ibitita,1
BA,cipo,1
BA,ipecaeta,1
BA,arraial d ajuda,1
BA,governador mangabeira,1
BA,caraibas,1
BA,cocos,1
BA,condeuba,1
BA,baixa grande,1
BA,sao desiderio,1
BA,igrapiuna,1
BA,jaua,1
BA,mucuge,1
BA,biritinga,1
BA,itaguacu da bahia,1
BA,carnaiba do sertao,1
BA,adustina,1
BA,santana do sobrado,1
BA,monte santo,1
BA,jussiape,1
BA,pedrao,1
BA,ponto novo,1
BA,pau brasil,1
BA,conceicao do almeida,1
BA,canarana,1
BA,itape,1
BA,cravolandia,1
BA,brejolandia,1
BA,jacuipe,1
BA,boquira,1
BA,antonio goncalves,1
BA,andarai,1
BA,angical,1
BA,salobro,1
BA,teodoro sampaio,1
BA,presidente janio quadros,1
BA,botupora,1
BA,wagner,1
BA,erico cardoso,1
BA,joao dourado,1
BA,salinas da margarida,1
BA,santa brigida,1
BA,banzae,1
BA,varzea do poco,1
BA,planalto,1
BA,cairu,1
BA,retirolandia,1
BA,barrocas,1
BA,sao felix do coribe,1
BA,cotegipe,1
BA,canudos,1
BA,dias d avila,1
BA,coracao de maria,1
BA,nova redencao,1
BA,dom macedo costa,1
BA,mundo novo,1
BA,humildes,1
BA,lagoa real,1
BA,caldas do jorro,1
BA,nova vicosa,1
BA,planaltino,1
BA,mansidao,1
BA,cordeiros,1
BA,aracatu,1
BA,taboquinhas,1
BA,satiro dias,1
BA,maiquinique,1
BA,canapolis,1
BA,caetanos,1
BA,lencois,1
BA,amargosa,1
BA,ribeira do amparo,1
BA,brotas de macaubas,1
BA,caem,1
BA,sento se,1
BA,sao miguel das matas,1
BA,pirai do norte,1
BA,brejoes,1
BA,itanhem,1
BA,saubara,1
BA,america dourada,1
BA,aribice,1
BA,ibipeba,1
BA,gongogi,1
BA,anguera,1
BA,filadelfia,1
BA,jiquirica,1
BA,anage,1
BA,varzea nova,1
BA,apora,1
BA,ibiajara,1
BA,gentio do ouro,1
BA,lamarao,1
CE,fortaleza,654
CE,sobral,36
CE,caucaia,35
CE,maracanau,35
CE,juazeiro do norte,34
CE,aracati,22
CE,crato,19
CE,iguatu,14
CE,eusebio,13
CE,quixada,12
CE,limoeiro do norte,12
CE,itapipoca,11
CE,taua,10
CE,brejo santo,10
CE,tiangua,9
CE,crateus,9
CE,morada nova,9
CE,russas,9
CE,camocim,8
CE,ico,8
CE,acarau,8
CE,cruz,7
CE,nova russas,7
CE,acopiara,7
CE,hidrolandia,7
CE,pacajus,6
CE,caninde,6
CE,itapaje,6
CE,quixeramobim,6
CE,barbalha,6
CE,santa quiteria,5
CE,icapui,5
CE,jaguaribe,5
CE,horizonte,5
CE,redencao,5
CE,paracuru,5
CE,sao goncalo do amarante,5
CE,pacatuba,5
CE,paraipaba,5
CE,cascavel,5
CE,granja,5
CE,varjota,4
CE,itaitinga,4
CE,senador pompeu,4
CE,barro,4
CE,sao benedito,4
CE,bela cruz,4
CE,santana do acarau,4
CE,guaraciaba do norte,4
CE,forquilha,4
CE,campos sales,4
CE,ipu,4
CE,jaguaruana,4
CE,jijoca de jericoacoara,4
CE,parambu,4
CE,morrinhos,4
CE,aracoiaba,3
CE,ibiapina,3
CE,catarina,3
CE,carius,3
CE,boa viagem,3
CE,beberibe,3
CE,santana do cariri,3
CE,alto santo,3
CE,novo oriente,3
CE,nova olinda,3
CE,deputado irapuan pinheiro,3
CE,reriutaba,3
CE,monsenhor tabosa,3
CE,maranguape,3
CE,ipueiras,3
CE,aurora,3
CE,marco,3
CE,baturite,3
CE,quixere,3
CE,carire,3
CE,sucesso,3
CE,pereiro,3
CE,ubajara,3
CE,miraima,2
CE,apuiares,2
CE,guaiuba,2
CE,pentecoste,2
CE,pedra branca,2
CE,uruoca,2
CE,trairi,2
CE,meruoca,2
CE,aquiraz,2
CE,altaneira,2
CE,ocara,2
CE,iraucuba,2
CE,varzea alegre,2
CE,milha,2
CE,abaiara,2
CE,araripe,2
CE,aratuba,2
CE,lavras da mangabeira,2
CE,caririacu,2
CE,pacoti,2
CE,itapiuna,2
CE,carnaubal,2
CE,arneiroz,2
CE,ipaporanga,2
CE,massape,2
CE,oros,2
CE,milagres,2
CE,frecheirinha,2
CE,quixelo,2
CE,jardim,2
CE,potengi,2
CE,iracema,2
CE,sao luis do curu,2
CE,solonopole,2
CE,penaforte,2
CE,saboeiro,1
CE,palhano,1
CE,cedro,1
CE,dourado,1
CE,mombaca,1
CE,guassusse,1
CE,lages,1
CE,erere,1
CE,tururu,1
CE,itarema,1
CE,jaguaribara,1
CE,vicosa do ceara,1
CE,mucambo,1
CE,taperuaba,1
CE,groairas,1
CE,coreau,1
CE,itapage,1
CE,missao velha,1
CE,assare,1
CE,amanari,1
CE,antonina do norte,1
CE,porteiras,1
CE,madalena,1
CE,independencia,1
CE,ibicuitinga,1
CE,banabuiu,1
CE,barreira,1
CE,fortim,1
CE,uruburetama,1
CE,caridade,1
CE,capistrano,1
CE,ipaumirim,1
CE,pires ferreira,1
CE,pacuja,1
CE,flores,1
CE,chaval,1
CE,pindoretama,1
CE,jucas,1
CE,itaicaba,1
CE,croata,1
CE,lagoa do mato,1
CE,chorozinho,1
CE,missi,1
CE,aiuaba,1
CE,mauriti,1
CE,amontada,1
CE,tabuleiro do norte,1
DF,brasilia,2131
DF,taguatinga,4
DF,guara,2
DF,ceilandia,1
DF,sobradinho,1
DF,santa maria,1
ES,vitoria,379
ES,vila velha,334
ES,serra,285
ES,cariacica,139
ES,cachoeiro de itapemirim,122
ES,guarapari,67
ES,colatina,65
ES,linhares,65
ES,sao mateus,48
ES,aracruz,41
ES,viana,21
ES,nova venecia,19
ES,castelo,18
ES,alegre,17
ES,piuma,17
ES,guacui,16
ES,marataizes,16
ES,venda nova do imigrante,15
ES,santa maria de jetiba,15
ES,jaguare,14
ES,anchieta,14
ES,sao gabriel da palha,14
ES,afonso claudio,11
ES,barra de sao francisco,10
ES,santa teresa,10
ES,mimoso do sul,10
ES,montanha,10
ES,ibatiba,9
ES,domingos martins,9
ES,pinheiros,8
ES,vila valerio,8
ES,ecoporanga,8
ES,baixo guandu,8
ES,marilandia,8
ES,joao neiva,8
ES,itaguacu,7
ES,sao domingos do norte,7
ES,boa esperanca,7
ES,alfredo chaves,7
ES,rio novo do sul,6
ES,sao jose do calcado,6
ES,apiaca,6
ES,conceicao do castelo,5
ES,pedro canario,5
ES,iconha,5
ES,sao roque do canaa,5
ES,sooretama,5
ES,fundao,5
ES,vargem alta,5
ES,marechal floriano,5
ES,itaipava,4
ES,muqui,4
ES,dores do rio preto,4
ES,itapemirim,4
ES,mantenopolis,4
ES,rio bananal,4
ES,agua doce do norte,4
ES,arace,4
ES,bom jesus do norte,4
ES,conceicao da barra,3
ES,itarana,3
ES,jeronimo monteiro,2
ES,muniz freire,2
ES,celina,2
ES,irupi,2
ES,itaoca,2
ES,governador lindenberg,2
ES,presidente kennedy,2
ES,vila nelita,2
ES,aguia branca,2
ES,jacigua,2
ES,iuna,2
ES,braco do rio,2
ES,alto rio novo,2
ES,ponto belo,1
ES,sao joao do sobrado,1
ES,santa leopoldina,1
ES,ibiracu,1
ES,araguaia,1
ES,pancas,1
ES,atilio vivacqua,1
ES,pacotuba,1
ES,piacu,1
ES,praia grande,1
ES,quilometro 14 do mutum,1
ES,brejetuba,1
ES,santo antonio do canaa,1
ES,angelo frechiani,1
ES,paraju,1
ES,novo brasil,1
ES,mucurici,1
ES,divino de sao lourenco,1
ES,vargem grande do soturno,1
ES,laranja da terra,1
ES,sao joao de petropolis,1
GO,goiania,692
GO,anapolis,113
GO,aparecida de goiania,110
GO,rio verde,66
GO,jatai,54
GO,valparaiso de goias,37
GO,caldas novas,36
GO,itumbiara,36
GO,formosa,34
GO,catalao,34
GO,luziania,33
GO,mineiros,26
GO,trindade,24
GO,aguas lindas de goias,24
GO,goianesia,18
GO,posse,17
GO,uruacu,17
GO,inhumas,16
GO,senador canedo,16
GO,novo gama,16
GO,ipora,15
GO,morrinhos,14
GO,quirinopolis,14
GO,niquelandia,14
GO,ipameri,13
GO,porangatu,13
GO,pires do rio,12
GO,minacu,11
GO,goiatuba,10
GO,piracanjuba,10
GO,planaltina,10
GO,alto paraiso de goias,9
GO,santa helena de goias,9
GO,cacu,8
GO,sao luis de montes belos,8
GO,cidade ocidental,8
GO,cristalina,8
GO,anicuns,8
GO,crixas,8
GO,goias,8
GO,goianira,8
GO,chapadao do ceu,8
GO,bom jesus,8
GO,itapuranga,7
GO,jaragua,7
GO,acreuna,7
GO,silvania,7
GO,ceres,7
GO,mozarlandia,7
GO,campinorte,7
GO,rubiataba,7
GO,firminopolis,7
GO,neropolis,7
GO,santa rita do araguaia,7
GO,campos belos,7
GO,bela vista de goias,7
GO,cachoeira alta,6
GO,orizona,6
GO,itaberai,6
GO,guapo,6
GO,santo antonio do descoberto,5
GO,castelandia,5
GO,alexania,5
GO,joviania,5
GO,sao miguel do araguaia,5
GO,parauna,4
GO,corumbaiba,4
GO,itapaci,4
GO,pirenopolis,4
GO,santa fe de goias,4
GO,edeia,4
GO,piranhas,4
GO,uruana,4
GO,aragarcas,4
GO,indiara,4
GO,iaciara,4
GO,sanclerlandia,4
GO,rianapolis,4
GO,caiaponia,4
GO,sao simao,4
GO,maurilandia,4
GO,fazenda nova,4
GO,padre bernardo,4
GO,nova veneza,4
GO,goianapolis,4
GO,sao joao d'alianca,3
GO,vianopolis,3
GO,jussara,3
GO,palmeiras de goias,3
GO,urutai,3
GO,inaciolandia,3
GO,itaja,3
GO,paranaiguara,3
GO,serranopolis,3
GO,americano do brasil,3
GO,alvorada do norte,3
GO,turvania,2
GO,portelandia,2
GO,itaguacu,2
GO,hidrolina,2
GO,doverlandia,2
GO,cavalcante,2
GO,mara rosa,2
GO,santa cruz de goias,2
GO,alto horizonte,2
GO,brazabrantes,2
GO,pontalina,2
GO,domiciano ribeiro,2
GO,araguapaz,2
GO,bonfinopolis,2
GO,aruana,2
GO,vicentinopolis,2
GO,corumba de goias,2
GO,matrincha,2
GO,itapirapua,2
GO,campo alegre de goias,2
GO,diorama,2
GO,cachoeira dourada,2
GO,simolandia,2
GO,nazario,2
GO,planaltina de goias,2
GO,carmo do rio verde,2
GO,jesupolis,2
GO,cumari,2
GO,damianopolis,2
GO,itaguaru,2
GO,mambai,2
GO,mundo novo,2
GO,leopoldo de bulhoes,1
GO,sao luiz do norte,1
GO,campos verdes,1
GO,nova aurora,1
GO,santo antonio de goias,1
GO,novo planalto,1
GO,aurilandia,1
GO,lagoa santa,1
GO,cocalzinho de goias,1
GO,crominia,1
GO,sao joao da parauna,1
GO,teresina de goias,1
GO,palminopolis,1
GO,cabeceiras,1
GO,aragoiania,1
GO,goiandira,1
GO,jardim abc de goias,1
GO,abadiania,1
GO,mutunopolis,1
GO,itaguari,1
GO,formoso,1
GO,divinopolis de goias,1
GO,nova roma,1
GO,jaupaci,1
GO,mossamedes,1
GO,nova crixas,1
GO,ouvidor,1
GO,sao patricio,1
GO,ipiranga de goias,1
GO,mimoso de goias,1
GO,trombas,1
GO,flores de goias,1
GO,jandaia,1
GO,morro agudo de goias,1
GO,montividiu do norte,1
GO,bom jardim de goias,1
GO,arenopolis,1
GO,campinacu,1
GO,barro alto,1
GO,mairipotaba,1
GO,apore,1
GO,agua fria de goias,1
GO,turvelandia,1
GO,ouro verde de goias,1
GO,hidrolandia,1
GO,britania,1
GO,nova america,1
GO,cezarina,1
GO,agua limpa,1
GO,buriti alegre,1
MA,sao luis,353
MA,imperatriz,40
MA,balsas,17
MA,caxias,16
MA,timon,15
MA,sao jose de ribamar,14
MA,santa ines,12
MA,presidente dutra,12
MA,bacabal,11
MA,coroata,9
MA,codo,8
MA,sao joao dos patos,7
MA,paco do lumiar,7
MA,acailandia,7
MA,barra do corda,7
MA,viana,5
MA,ze doca,5
MA,lago da pedra,5
MA,urbano santos,5
MA,alto parnaiba,5
MA,joao lisboa,5
MA,buriticupu,5
MA,grajau,5
MA,maracacume,4
MA,nova olinda do maranhao,4
MA,barreirinhas,4
MA,coelho neto,4
MA,pinheiro,4
MA,itapecuru mirim,4
MA,paraibano,3
MA,cururupu,3
MA,bacuri,3
MA,estreito,3
MA,colinas,3
MA,vitorino freire,3
MA,chapadinha,3
MA,dom pedro,3
MA,esperantinopolis,3
MA,maioba,3
MA,fortuna,3
MA,mirinzal,3
MA,sao bernardo,3
MA,santa helena,3
MA,pindare mirim,3
MA,sao mateus do maranhao,3
MA,cedral,3
MA,pedreiras,3
MA,santa luzia,2
MA,arari,2
MA,satubinha,2
MA,mata roma,2
MA,sucupira do norte,2
MA,sao bento,2
MA,pastos bons,2
MA,tutoia,2
MA,capinzal do norte,2
MA,sao domingos do maranhao,2
MA,bom jesus das selvas,2
MA,matoes do norte,2
MA,campestre do maranhao,2
MA,carolina,2
MA,olho d'agua das cunhas,2
MA,carutapera,2
MA,boa vista do gurupi,2
MA,porto franco,2
MA,vitoria do mearim,2
MA,parnarama,1
MA,sao pedro da agua branca,1
MA,cajapio,1
MA,humberto de campos,1
MA,vargem grande,1
MA,matoes,1
MA,sao joao batista,1
MA,pirapemas,1
MA,centro novo do maranhao,1
MA,amapa do maranhao,1
MA,santa quiteria do maranhao,1
MA,sao benedito do rio preto,1
MA,araguana,1
MA,maranhaozinho,1
MA,santa luzia do parua,1
MA,alto alegre do maranhao,1
MA,peri mirim,1
MA,loreto,1
MA,presidente medici,1
MA,bela vista do maranhao,1
MA,sao joao do paraiso,1
MA,guimaraes,1
MA,pio xii,1
MA,icatu,1
MA,sitio novo,1
MA,brejo,1
MA,formosa da serra negra,1
MA,senador la rocque,1
MA,sao francisco do brejao,1
MA,cidelandia,1
MA,santa rita,1
MA,alto alegre do pindare,1
MA,lago verde,1
MA,joselandia,1
MA,candido mendes,1
MA,sao vicente ferrer,1
MA,cantanhede,1
MA,governador eugenio barros,1
MA,alcantara,1
MA,arame,1
MA,cajari,1
MA,bequimao,1
MA,passagem franca,1
MA,miranda do norte,1
MA,benedito leite,1
MA,jatoba,1
MA,pocao de pedras,1
MA,bom jardim,1
MA,presidente juscelino,1
MA,sambaiba,1
MA,moncao,1
MA,magalhaes de almeida,1
MA,goncalves dias,1
MA,buriti,1
MA,rosario,1
MA,paulino neves,1
MG,belo horizonte,2773
MG,juiz de fora,427
MG,contagem,426
MG,uberlandia,374
MG,montes claros,211
MG,betim,203
MG,uberaba,191
MG,ipatinga,171
MG,governador valadares,141
MG,divinopolis,137
MG,pouso alegre,131
MG,sete lagoas,128
MG,pocos de caldas,122
MG,ribeirao das neves,101
MG,patos de minas,100
MG,nova lima,98
MG,itajuba,94
MG,santa luzia,93
MG,varginha,89
MG,vicosa,89
MG,conselheiro lafaiete,84
MG,lavras,83
MG,barbacena,80
MG,itabira,79
MG,araxa,78
MG,teofilo otoni,75
MG,sao joao del rei,67
MG,manhuacu,65
MG,muriae,64
MG,paracatu,63
MG,caratinga,62
MG,lagoa santa,59
MG,ouro preto,57
MG,itauna,57
MG,ituiutaba,56
MG,araguari,54
MG,timoteo,54
MG,unai,54
MG,uba,53
MG,joao monlevade,51
MG,nova serrana,51
MG,ibirite,50
MG,patrocinio,47
MG,vespasiano,45
MG,curvelo,44
MG,alfenas,43
MG,tres coracoes,43
MG,passos,43
MG,sabara,42
MG,pirapora,42
MG,ponte nova,41
MG,coronel fabriciano,41
MG,ouro branco,41
MG,extrema,40
MG,pedro leopoldo,40
MG,bom despacho,39
MG,guaxupe,37
MG,para de minas,37
MG,sao sebastiao do paraiso,36
MG,santa rita do sapucai,35
MG,sao lourenco,34
MG,mariana,33
MG,cataguases,33
MG,formiga,32
MG,itabirito,32
MG,congonhas,30
MG,alem paraiba,29
MG,piumhii,28
MG,caete,27
MG,diamantina,27
MG,carangola,27
MG,brumadinho,26
MG,santa barbara,26
MG,frutal,26
MG,arcos,25
MG,coromandel,25
MG,nanuque,25
MG,monte carmelo,24
MG,claudio,22
MG,pitangui,22
MG,salinas,22
MG,oliveira,22
MG,cambui,22
MG,santos dumont,22
MG,januaria,22
MG,machado,21
MG,campo belo,21
MG,capelinha,20
MG,monte siao,20
MG,tres pontas,20
MG,sao gotardo,20
MG,espera feliz,19
MG,visconde do rio branco,19
MG,guanhaes,18
MG,sarzedo,18
MG,jacutinga,18
MG,barao de cocais,18
MG,bambui,18
MG,janauba,17
MG,caxambu,17
MG,leopoldina,17
MG,santa vitoria,17
MG,joao pinheiro,16
MG,manhumirim,16
MG,carmo do paranaiba,16
MG,santana do paraiso,16
MG,ouro fino,16
MG,iturama,15
MG,santo antonio do monte,15
MG,sao joao nepomuceno,15
MG,paraisopolis,15
MG,nova era,15
MG,conselheiro pena,15
MG,divino,14
MG,buritis,14
MG,esmeraldas,14
MG,itanhandu,14
MG,almenara,14
MG,itapecerica,13
MG,paraguacu,13
MG,sacramento,13
MG,tres marias,13
MG,matias barbosa,13
MG,taiobeiras,13
MG,tupaciguara,13
MG,bocaiuva,13
MG,abaete,12
MG,sao francisco,12
MG,raul soares,12
MG,conceicao do mato dentro,12
MG,matozinhos,12
MG,andradas,12
MG,mantena,11
MG,varzea da palma,11
MG,alvinopolis,11
MG,capinopolis,11
MG,lagoa da prata,11
MG,pompeu,11
MG,jequitinhonha,11
MG,barroso,11
MG,carandai,11
MG,astolfo dutra,11
MG,raposos,11
MG,corinto,11
MG,igarape,11
MG,boa esperanca,11
MG,passa quatro,10
MG,aimores,10
MG,itamonte,10
MG,eloi mendes,10
MG,prata,10
MG,carmo do cajuru,10
MG,resplendor,10
MG,sao goncalo do sapucai,10
MG,campina verde,10
MG,candeias,10
MG,nova ponte,9
MG,mirai,9
MG,camanducaia,9
MG,paraopeba,9
MG,brasilia de minas,9
MG,piranguinho,9
MG,mateus leme,9
MG,perdoes,9
MG,monte santo de minas,9
MG,aracuai,9
MG,buritizeiro,9
MG,mar de espanha,9
MG,muzambinho,9
MG,guaranesia,9
MG,santa juliana,9
MG,simonesia,9
MG,novo cruzeiro,9
MG,turmalina,9
MG,nepomuceno,9
MG,carmo do rio claro,9
MG,rio paranaiba,9
MG,ibia,9
MG,dores de campos,8
MG,santo antonio do jacinto,8
MG,arinos,8
MG,rio acima,8
MG,itamarandiba,8
MG,virginopolis,8
MG,botelhos,8
MG,lambari,8
MG,mutum,8
MG,baependi,8
MG,sao joaquim de bicas,8
MG,cristina,8
MG,fervedouro,8
MG,poco fundo,8
MG,ipaba,8
MG,perdizes,8
MG,caetanopolis,8
MG,sao jose da lapa,8
MG,pirapetinga,8
MG,bom jardim de minas,8
MG,sao joao evangelista,7
MG,lagoa formosa,7
MG,arceburgo,7
MG,ipanema,7
MG,entre rios de minas,7
MG,guarani,7
MG,ervalia,7
MG,inhapim,7
MG,piedade de caratinga,7
MG,campanha,7
MG,alpinopolis,7
MG,malacacheta,7
MG,teixeiras,7
MG,areado,7
MG,bicas,7
MG,dores do indaia,7
MG,perdigao,7
MG,cachoeira de minas,7
MG,medina,6
MG,soledade de minas,6
MG,mata verde,6
MG,conquista,6
MG,conceicao da aparecida,6
MG,carmo da mata,6
MG,vazante,6
MG,espinosa,6
MG,brazopolis,6
MG,itambacuri,6
MG,abre campo,6
MG,itaobim,6
MG,rio pomba,6
MG,jeceaba,6
MG,sabinopolis,6
MG,cassia,6
MG,martins soares,6
MG,sao goncalo do rio abaixo,6
MG,sao jose da barra,6
MG,borda da mata,6
MG,juruaia,6
MG,santa rita de caldas,6
MG,fronteira,6
MG,carai,6
MG,tocantins,6
MG,lima duarte,6
MG,araujos,6
MG,jaiba,6
MG,presidente olegario,6
MG,tombos,5
MG,pecanha,5
MG,lagoa dourada,5
MG,frei inocencio,5
MG,serra dos aimores,5
MG,jesuania,5
MG,cambuquira,5
MG,mendes pimentel,5
MG,rio pardo de minas,5
MG,porteirinha,5
MG,divinolandia de minas,5
MG,belo oriente,5
MG,catas altas,5
MG,buenopolis,5
MG,itapagipe,5
MG,rio casca,5
MG,sao romao,5
MG,carmopolis de minas,5
MG,capitolio,5
MG,itapeva,5
MG,monte azul,5
MG,caldas,5
MG,campos altos,5
MG,monte belo,5
MG,conceicao do rio verde,5
MG,rio manso,5
MG,campos gerais,5
MG,canapolis,5
MG,jordania,5
MG,aguas formosas,5
MG,santa cruz de minas,5
MG,arapora,5
MG,eugenopolis,5
MG,pedra azul,5
MG,sao tiago,5
MG,itau de minas,5
MG,tiradentes,4
MG,matipo,4
MG,conceicao dos ouros,4
MG,lagoa grande,4
MG,bom sucesso,4
MG,dom silverio,4
MG,rio preto,4
MG,conceicao das pedras,4
MG,campo do meio,4
MG,bom jesus do galho,4
MG,santana do jacare,4
MG,santana da vargem,4
MG,piranga,4
MG,maravilhas,4
MG,alto rio doce,4
MG,iguatama,4
MG,palma,4
MG,iapu,4
MG,goiana,4
MG,bonfim,4
MG,papagaios,4
MG,minas novas,4
MG,santo antonio do amparo,4
MG,jacui,4
MG,carbonita,4
MG,merces,4
MG,rio piracicaba,4
MG,santa maria de itabira,4
MG,alto jequitiba,4
MG,monte alegre de minas,4
MG,cruzilia,4
MG,chapada gaucha,4
MG,sapucai-mirim,4
MG,rio novo,4
MG,bueno brandao,4
MG,gouveia,4
MG,tarumirim,4
MG,volta grande,4
MG,sao domingos do prata,4
MG,bom repouso,4
MG,itanhomi,4
MG,sao geraldo,4
MG,sao pedro dos ferros,4
MG,aiuruoca,4
MG,guimarania,4
MG,sao tomas de aquino,4
MG,congonhal,4
MG,carmo da cachoeira,4
MG,juatuba,4
MG,mario campos,4
MG,sao joao do paraiso,4
MG,ibiraci,4
MG,munhoz,4
MG,prudente de morais,4
MG,abadia dos dourados,3
MG,verissimo,3
MG,pains,3
MG,antonio prado de minas,3
MG,lajinha,3
MG,pirauba,3
MG,grao mogol,3
MG,prados,3
MG,conceicao do para,3
MG,andrelandia,3
MG,ibiai,3
MG,morada nova de minas,3
MG,caiana,3
MG,carmo de minas,3
MG,piedade dos gerais,3
MG,rubim,3
MG,santa rita de minas,3
MG,sao joao batista do gloria,3
MG,ipiacu,3
MG,descoberto,3
MG,carlos chagas,3
MG,bandeira,3
MG,maria da fe,3
MG,manga,3
MG,santo antonio do itambe,3
MG,santana do manhuacu,3
MG,piedade do rio grande,3
MG,virgem da lapa,3
MG,cabo verde,3
MG,cachoeira de pajeu,3
MG,aguas vermelhas,3
MG,conceicao das alagoas,3
MG,uniao de minas,3
MG,resende costa,3
MG,azurita,3
MG,piumhi,3
MG,gameleiras,3
MG,alfredo vasconcelos,3
MG,sao joao do manteninha,3
MG,liberdade,3
MG,sao goncalo do rio preto,3
MG,ubaporanga,3
MG,ritapolis,3
MG,cristais,3
MG,delfinopolis,3
MG,varzelandia,3
MG,mato verde,3
MG,francisco badaro,3
MG,itinga,3
MG,luminarias,3
MG,campestre,3
MG,pocrane,3
MG,florestal,3
MG,belo vale,3
MG,carneirinho,3
MG,pote,3
MG,rodeiro,3
MG,pedrinopolis,3
MG,sao sebastiao do maranhao,3
MG,monte verde,3
MG,goncalves,3
MG,coluna,3
MG,tiros,3
MG,alterosa,3
MG,pouso alto,3
MG,sao pedro da uniao,3
MG,carvalhopolis,3
MG,francisco sa,3
MG,cristalia,3
MG,madre de deus de minas,3
MG,ataleia,3
MG,silvianopolis,3
MG,pedralva,3
MG,riacho dos machados,3
MG,cabeceira grande,3
MG,recreio,3
MG,coracao de jesus,3
MG,montalvania,3
MG,carrancas,3
MG,itacarambi,3
MG,setubinha,3
MG,sao goncalo do para,3
MG,chapada do norte,2
MG,luizlandia do oeste,2
MG,paiva,2
MG,bonfinopolis de minas,2
MG,sao joao do oriente,2
MG,turvolandia,2
MG,romaria,2
MG,luisburgo,2
MG,dom joaquim,2
MG,cruzeiro da fortaleza,2
MG,bras pires,2
MG,vargem alegre,2
MG,sericita,2
MG,alto caparao,2
MG,senador modestino goncalves,2
MG,machacalis,2
MG,sao bras do suacui,2
MG,dona euzebia,2
MG,bias fortes,2
MG,jequitai,2
MG,divisa alegre,2
MG,cristiano otoni,2
MG,acaiaca,2
MG,chacara,2
MG,nazareno,2
MG,baldim,2
MG,virgolandia,2
MG,serrania,2
MG,planura,2
MG,inhauma,2
MG,sao thome das letras,2
MG,taquaracu de minas,2
MG,ferros,2
MG,itatiaiucu,2
MG,santa maria do suacui,2
MG,dionisio,2
MG,sao joao das missoes,2
MG,perpetuo socorro,2
MG,sao joao da mata,2
MG,limeira do oeste,2
MG,icarai de minas,2
MG,careacu,2
MG,araponga,2
MG,itamogi,2
MG,matutina,2
MG,capim branco,2
MG,sao goncalo do abaete,2
MG,brasilandia de minas,2
MG,formoso,2
MG,salto da divisa,2
MG,inconfidentes,2
MG,piau,2
MG,senador amaral,2
MG,estrela do indaia,2
MG,inimutaba,2
MG,indianopolis,2
MG,luz,2
MG,crisolita,2
MG,santana dos montes,2
MG,dom vicoso,2
MG,santa rita do ibitipoca,2
MG,santo antonio do grama,2
MG,francisco dumont,2
MG,caputira,2
MG,sao jose do goiabal,2
MG,porto firme,2
MG,bandeira do sul,2
MG,sao joao do manhuacu,2
MG,juvenilia,2
MG,patrocinio do muriae,2
MG,chaveslandia,2
MG,cachoeira do campo,2
MG,alpercata,2
MG,guidoval,2
MG,antonio pereira,2
MG,riachinho,2
MG,periquito,2
MG,bom jesus da penha,2
MG,varjao de minas,2
MG,itueta,2
MG,durande,2
MG,aracitaba,2
MG,santa helena de minas,2
MG,tabuleiro,2
MG,serra azul de minas,2
MG,alvarenga,2
MG,ponto dos volantes,2
MG,santa margarida,2
MG,jequitiba,2
MG,santa cruz de salinas,2
MG,materlandia,2
MG,capetinga,2
MG,montezuma,2
MG,monte formoso,2
MG,coroaci,2
MG,ouro verde de minas,2
MG,senhora de oliveira,2
MG,campanario,2
MG,presidente kubitschek,2
MG,agua comprida,2
MG,fruta de leite,2
MG,diogo de vasconcelos,2
MG,santa cruz do prata,2
MG,cachoeira da prata,2
MG,leandro ferreira,2
MG,ladainha,2
MG,jacinto,2
MG,imbe de minas,2
MG,guaraciaba,2
MG,itaguara,2
MG,cantagalo,2
MG,sao francisco de paula,2
MG,guarara,2
MG,senador firmino,2
MG,guarda-mor,2
MG,martinho campos,2
MG,serro,2
MG,irai de minas,2
MG,chale,2
MG,pimenta,2
MG,sao domingos das dores,2
MG,sao roque de minas,2
MG,goiabeira,2
MG,medeiros,2
MG,ribeirao vermelho,2
MG,conceicao do formoso,1
MG,claro dos pocoes,1
MG,lamim,1
MG,urucania,1
MG,barra longa,1
MG,ribeiro junqueira,1
MG,mamonas,1
MG,canaa,1
MG,cajuri,1
MG,glaura,1
MG,capitao andrade,1
MG,ingai,1
MG,campo azul,1
MG,pavao,1
MG,vargem grande do rio pardo,1
MG,baguari,1
MG,vitorinos,1
MG,berilo,1
MG,sao sebastiao do rio verde,1
MG,passa tempo,1
MG,brasopolis,1
MG,pocoes de paineiras,1
MG,amparo da serra,1
MG,cuite velho,1
MG,sao bento abade,1
MG,grupiara,1
MG,guape,1
MG,caparao,1
MG,dores de guanhaes,1
MG,bertopolis,1
MG,nacip raydan,1
MG,pedra menina,1
MG,berizal,1
MG,igaratinga,1
MG,miravania,1
MG,crucilandia,1
MG,engenheiro navarro,1
MG,sao domingos,1
MG,brejo bonito,1
MG,arantina,1
MG,bela vista de minas,1
MG,sao felix de minas,1
MG,antunes,1
MG,jaguaracu,1
MG,alexandrita,1
MG,silveira carvalho,1
MG,santa fe de minas,1
MG,capitao eneas,1
MG,sao mateus de minas,1
MG,silvano,1
MG,andrequice,1
MG,jenipapo de minas,1
MG,morro da garca,1
MG,joaima,1
MG,umburatiba,1
MG,santa rita de jacutinga,1
MG,itutinga,1
MG,moeda,1
MG,desterro de entre rios,1
MG,padre paraiso,1
MG,frei gaspar,1
MG,ilicinea,1
MG,moema,1
MG,mesquita,1
MG,frei lagonegro,1
MG,arapua,1
MG,pedra do indaia,1
MG,desembargador otoni,1
MG,santo antonio dos campos,1
MG,santo antonio do rio abaixo,1
MG,felixlandia,1
MG,capela nova,1
MG,guinda,1
MG,carmesia,1
MG,pratapolis,1
MG,fonseca,1
MG,sapucaia,1
MG,piracema,1
MG,morro vermelho,1
MG,laranjal,1
MG,vermelho,1
MG,paula candido,1
MG,jequeri,1
MG,jampruca,1
MG,ressaquinha,1
MG,camacho,1
MG,minduri,1
MG,datas,1
MG,martinesia,1
MG,senador cortes,1
MG,cedro do abaete,1
MG,comercinho,1
MG,entre folhas,1
MG,cachoeira dourada,1
MG,confins,1
MG,monsenhor paulo,1
MG,sao francisco do humaita,1
MG,felisburgo,1
MG,palmital de minas,1
MG,nova resende,1
MG,acucena,1
MG,campo florido,1
MG,santa maria do salto,1
MG,major porto,1
MG,mendonca,1
MG,rubelita,1
MG,claraval,1
MG,ibertioga,1
MG,senhora dos remedios,1
MG,estevao de araujo,1
MG,tocos do moji,1
MG,tumiritinga,1
MG,centralina,1
MG,olaria,1
MG,santo antonio do aventureiro,1
MG,sao goncalo do rio das pedras,1
MG,ewbank da camara,1
MG,desterro do melo,1
MG,marilac,1
MG,santa rita do itueto,1
MG,coronel murta,1
MG,divisa nova,1
MG,queixada,1
MG,angustura,1
MG,central de santa helena,1
MG,bonito de minas,1
MG,braunas,1
MG,sobralia,1
MG,divinesia,1
MG,serranopolis de minas,1
MG,delfim moreira,1
MG,patis,1
MG,coimbra,1
MG,antonio carlos,1
MG,estiva,1
MG,pingo-d'agua,1
MG,ponto do marambaia,1
MG,santana do capivari,1
MG,japaraiba,1
MG,palmopolis,1
MG,sao jose do divino,1
MG,sao benedito,1
MG,santana do deserto,1
MG,natercia,1
MG,cachoeira do brumado,1
MG,pescador,1
MG,ravena,1
MG,sao geraldo do baguari,1
MG,tuparece,1
MG,morro do ferro,1
MG,serra bonita,1
MG,divino das laranjeiras,1
MG,taparuba,1
MG,sardoa,1
MG,corrego danta,1
MG,sao miguel do anta,1
MG,alagoa,1
MG,guiricema,1
MG,bugre,1
MG,sao vitor,1
MG,macuco de minas,1
MG,santo hipolito,1
MG,olhos d'agua,1
MG,rio doce,1
MG,conceicao da ibitipoca,1
MG,uruana de minas,1
MG,novo oriente de minas,1
MG,estrela do sul,1
MG,pinhotiba,1
MG,vila pereira,1
MG,virginia,1
MG,ipuiuna,1
MG,vermelho novo,1
MG,ibiracatu,1
MG,rio espera,1
MG,felicio dos santos,1
MG,pequi,1
MG,paineiras,1
MG,pirajuba,1
MG,simao pereira,1
MG,ubai,1
MG,cascalho rico,1
MG,urucuia,1
MG,campo alegre de minas,1
MG,coronel pacheco,1
MG,padre carvalho,1
MG,vieiras,1
MG,santana de pirapama,1
MG,morro do pilar,1
MG,itabirinha,1
MG,sao joao da ponte,1
MG,dom cavati,1
MG,bom jesus do amparo,1
MG,jaboticatubas,1
MG,sao francisco do gloria,1
MG,cocais,1
MG,quatituba,1
MG,sao geraldo da piedade,1
MG,serra do salitre,1
MG,lagoa dos patos,1
MG,miradouro,1
MG,orizania,1
MG,corrego fundo,1
MS,campo grande,320
MS,dourados,64
MS,tres lagoas,42
MS,corumba,28
MS,ponta pora,18
MS,paranaiba,15
MS,chapadao do sul,14
MS,maracaju,13
MS,costa rica,12
MS,rio brilhante,11
MS,nova andradina,11
MS,coxim,11
MS,sidrolandia,11
MS,bonito,8
MS,navirai,8
MS,aparecida do taboado,7
MS,sao gabriel do oeste,7
MS,amambai,6
MS,camapua,6
MS,alcinopolis,6
MS,bataguassu,5
MS,ladario,5
MS,cassilandia,5
MS,juti,4
MS,miranda,4
MS,caarapo,4
MS,fatima do sul,4
MS,aquidauana,4
MS,ivinhema,3
MS,nova alvorada do sul,3
MS,itapora,3
MS,bela vista,3
MS,dois irmaos do buriti,3
MS,mundo novo,3
MS,jardim,3
MS,bodoquena,2
MS,itaquirai,2
MS,bataypora,2
MS,agua clara,2
MS,sonora,2
MS,anastacio,2
MS,deodapolis,2
MS,corguinho,2
MS,jaraguari,2
MS,porto murtinho,1
MS,rio negro,1
MS,caracol,1
MS,angelica,1
MS,bataipora,1
MS,vicentina,1
MS,terenos,1
MS,sanga puita,1
MS,prudencio thomaz,1
MS,paranhos,1
MS,eldorado,1
MS,paraiso das aguas,1
MS,tacuru,1
MS,pedro gomes,1
MS,bandeirantes,1
MS,anaurilandia,1
MS,anhandui,1
MS,gloria de dourados,1
MS,ribas do rio pardo,1
MS,coronel sapucaia,1
MS,brasilandia,1
MS,inocencia,1
MS,guia lopes da laguna,1
MT,cuiaba,248
MT,rondonopolis,65
MT,sinop,46
MT,varzea grande,41
MT,primavera do leste,28
MT,caceres,25
MT,barra do garcas,25
MT,lucas do rio verde,24
MT,tangara da serra,24
MT,sorriso,20
MT,agua boa,18
MT,juina,17
MT,campo novo do parecis,16
MT,mirassol d'oeste,14
MT,alta floresta,12
MT,querencia,10
MT,canarana,10
MT,campo verde,10
MT,nova xavantina,10
MT,pontes e lacerda,9
MT,aripuana,8
MT,colider,8
MT,sapezal,8
MT,comodoro,7
MT,confresa,7
MT,matupa,7
MT,diamantino,7
MT,campos de julio,6
MT,nova mutum,5
MT,guaranta do norte,5
MT,jauru,5
MT,alto boa vista,5
MT,juara,5
MT,itauba,5
MT,alto araguaia,5
MT,rio branco,4
MT,peixoto de azevedo,4
MT,nova bandeirantes,4
MT,barra do bugres,4
MT,paranaita,4
MT,araputanga,4
MT,claudia,4
MT,pedra preta,4
MT,chapada dos guimaraes,4
MT,cocalinho,4
MT,salto do ceu,4
MT,colniza,3
MT,nova monte verde,3
MT,vera,3
MT,vila rica,3
MT,castanheira,3
MT,novo sao joaquim,3
MT,dom aquino,3
MT,alto taquari,3
MT,juruena,3
MT,campinapolis,3
MT,terra nova do norte,3
MT,nova canaa do norte,3
MT,jaciara,3
MT,sao jose do rio claro,2
MT,alto garcas,2
MT,sao jose dos quatro marcos,2
MT,juscimeira,2
MT,paranatinga,2
MT,tabapora,2
MT,arenapolis,2
MT,nova olimpia,2
MT,cotriguacu,2
MT,porto esperidiao,2
MT,figueiropolis d'oeste,2
MT,reserva do cabacal,2
MT,ribeiraozinho,2
MT,denise,2
MT,carlinda,2
MT,poxoreu,2
MT,gaucha do norte,2
MT,nobres,1
MT,santo antonio do leverger,1
MT,nortelandia,1
MT,sao jose do xingu,1
MT,curvelandia,1
MT,feliz natal,1
MT,nova ubirata,1
MT,ipiranga do norte,1
MT,sao felix do araguaia,1
MT,bom jesus do araguaia,1
MT,tapurah,1
MT,santo antonio do leste,1
MT,itiquira,1
MT,nova lacerda,1
MT,porto estrela,1
MT,apiacas,1
MT,itanhanga,1
MT,uniao do sul,1
MT,porto alegre do norte,1
MT,porto dos gauchos,1
MT,conquista d'oeste,1
MT,ribeirao cascalheira,1
MT,vila bela da santissima trindade,1
MT,nova guarita,1
MT,novo mundo,1
PA,belem,443
PA,ananindeua,88
PA,santarem,44
PA,parauapebas,27
PA,altamira,25
PA,castanhal,22
PA,maraba,22
PA,paragominas,19
PA,tucurui,17
PA,marituba,15
PA,redencao,13
PA,abaetetuba,11
PA,rondon do para,9
PA,xinguara,9
PA,canaa dos carajas,9
PA,braganca,9
PA,sao felix do xingu,8
PA,conceicao do araguaia,7
PA,santa isabel do para,6
PA,jacunda,6
PA,barcarena,6
PA,pacaja,6
PA,uruara,6
PA,novo progresso,5
PA,ourilandia do norte,5
PA,capanema,5
PA,quatro bocas,5
PA,dom eliseu,5
PA,sao miguel do guama,5
PA,carajas,4
PA,moju,4
PA,tailandia,4
PA,cameta,4
PA,tucuma,4
PA,vila dos cabanos,4
PA,augusto correa,3
PA,brasil novo,3
PA,concordia do para,3
PA,santana do araguaia,3
PA,goianesia do para,3
PA,capitao poco,3
PA,vigia,3
PA,garrafao do norte,3
PA,hidreletrica tucurui,3
PA,bom jesus do tocantins,3
PA,itaituba,3
PA,curuca,3
PA,breu branco,3
PA,rio maria,3
PA,benevides,2
PA,oeiras do para,2
PA,novo repartimento,2
PA,ipixuna do para,2
PA,bonito,2
PA,porto trombetas,2
PA,mae do rio,2
PA,sao sebastiao da boa vista,2
PA,sao joao de pirabas,2
PA,santa maria do para,2
PA,mojui dos campos,2
PA,placas,2
PA,tracuateua,1
PA,medicilandia,1
PA,tome-acu,1
PA,jacareacanga,1
PA,ourem,1
PA,pau d'arco,1
PA,mocajuba,1
PA,nova ipixuna,1
PA,picarra,1
PA,floresta do araguaia,1
PA,juruti,1
PA,murucupi,1
PA,curralinho,1
PA,igarape-miri,1
PA,nova timboteua,1
PA,sao domingos do araguaia,1
PA,breves,1
PA,monte alegre,1
PA,aurora do para,1
PA,viseu,1
PA,senador jose porfirio,1
PA,morada nova,1
PA,santo antonio do taua,1
PA,santa barbara do para,1
PA,ulianopolis,1
PA,igarape-acu,1
PA,nova esperanca do piria,1
PA,itupiranga,1
PB,joao pessoa,256
PB,campina grande,68
PB,patos,16
PB,cajazeiras,12
PB,guarabira,10
PB,cabedelo,7
PB,santa rita,7
PB,sousa,7
PB,bayeux,7
PB,pombal,6
PB,mamanguape,6
PB,catole do rocha,6
PB,esperanca,6
PB,queimadas,5
PB,santa luzia,5
PB,bananeiras,5
PB,cuite,4
PB,soledade,3
PB,imaculada,3
PB,sao bento,3
PB,pocinhos,3
PB,sume,3
PB,mari,3
PB,coremas,3
PB,alhandra,2
PB,itaporanga,2
PB,agua branca,2
PB,picui,2
PB,frei martinho,2
PB,pedras de fogo,2
PB,conceicao,2
PB,junco do serido,2
PB,sape,2
PB,cubati,2
PB,rio tinto,2
PB,alagoinha,2
PB,areia,2
PB,barra de santa rosa,2
PB,paulista,1
PB,desterro,1
PB,pitimbu,1
PB,santo andre,1
PB,mae d'agua,1
PB,brejo dos santos,1
PB,alagoa nova,1
PB,sao jose dos cordeiros,1
PB,prata,1
PB,princesa isabel,1
PB,riacho de santo antonio,1
PB,manaira,1
PB,jacarau,1
PB,livramento,1
PB,remigio,1
PB,passagem,1
PB,puxinana,1
PB,alagoa grande,1
PB,solanea,1
PB,inga,1
PB,pirpirituba,1
PB,ibiara,1
PB,belem,1
PB,areial,1
PB,brejo do cruz,1
PB,triunfo,1
PB,sao francisco,1
PB,araruna,1
PB,juripiranga,1
PB,arara,1
PB,caldas brandao,1
PB,aroeiras,1
PB,lagoa,1
PB,sao bentinho,1
PB,uirauna,1
PB,varzea,1
PB,assuncao,1
PB,curral de cima,1
PB,pianco,1
PB,nova floresta,1
PB,sao mamede,1
PB,lucena,1
PB,santa cecilia,1
PB,pilar,1
PB,pedra lavrada,1
PB,pitanga de estrada,1
PB,serra branca,1
PB,fagundes,1
PB,montadas,1
PB,bonito de santa fe,1
PB,teixeira,1
PB,jerico,1
PB,pedra branca,1
PB,juru,1
PE,recife,613
PE,jaboatao dos guararapes,135
PE,olinda,93
PE,petrolina,65
PE,caruaru,64
PE,paulista,41
PE,camaragibe,35
PE,garanhuns,31
PE,cabo de santo agostinho,21
PE,ipojuca,17
PE,salgueiro,17
PE,vitoria de santo antao,15
PE,santa cruz do capibaribe,13
PE,igarassu,13
PE,belo jardim,12
PE,araripina,12
PE,sao lourenco da mata,12
PE,bezerros,11
PE,abreu e lima,11
PE,gravata,11
PE,serra talhada,10
PE,escada,10
PE,petrolandia,10
PE,carpina,10
PE,palmares,9
PE,pesqueira,9
PE,goiana,9
PE,ouricuri,8
PE,afogados da ingazeira,8
PE,lajedo,7
PE,catende,7
PE,timbauba,7
PE,limoeiro,7
PE,taquaritinga do norte,7
PE,bom conselho,7
PE,cabrobo,6
PE,floresta,6
PE,aguas belas,6
PE,barreiros,6
PE,moreno,5
PE,feira nova,5
PE,arcoverde,5
PE,toritama,5
PE,custodia,5
PE,sirinhaem,5
PE,bonito,5
PE,sao bento do una,5
PE,surubim,5
PE,tabira,5
PE,parnamirim,4
PE,itambe,4
PE,ilha de itamaraca,4
PE,sertania,4
PE,gameleira,4
PE,brejo da madre de deus,4
PE,ribeirao,4
PE,joaquim nabuco,4
PE,sao jose do egito,4
PE,trindade,4
PE,lagoa grande,4
PE,jatoba,4
PE,condado,4
PE,lagoa dos gatos,3
PE,mirandiba,3
PE,camutanga,3
PE,saloa,3
PE,ipubi,3
PE,ibimirim,3
PE,itapissuma,3
PE,iati,3
PE,tuparetama,3
PE,oroco,3
PE,sanharo,3
PE,jaqueira,3
PE,joao alfredo,3
PE,pedra,3
PE,jupi,2
PE,nossa senhora do o,2
PE,amaraji,2
PE,venturosa,2
PE,lagoa do carro,2
PE,bom jardim,2
PE,santa cruz,2
PE,itaquitinga,2
PE,moreilandia,2
PE,buenos aires,2
PE,bodoco,2
PE,tracunhaem,2
PE,vicencia,2
PE,tacaratu,2
PE,itapetim,2
PE,triunfo,2
PE,jatauba,2
PE,canhotinho,2
PE,dormentes,2
PE,gloria do goita,2
PE,sao jose da coroa grande,2
PE,panelas,2
PE,macaparana,2
PE,sao vicente ferrer,2
PE,paudalho,2
PE,altinho,2
PE,camocim de sao felix,2
PE,caraiba,2
PE,belem do sao francisco,2
PE,barra de guabiraba,2
PE,rio formoso,2
PE,cortes,2
PE,sao jose do belmonte,2
PE,inaja,2
PE,riacho das almas,2
PE,cumaru,2
PE,lagoa do ouro,2
PE,afranio,2
PE,serrita,2
PE,santa maria da boa vista,2
PE,aracoiaba,2
PE,quipapa,1
PE,cha de alegria,1
PE,sao benedito do sul,1
PE,agua preta,1
PE,caetes,1
PE,correntes,1
PE,cupira,1
PE,alianca,1
PE,tamandare,1
PE,vertentes,1
PE,jurema,1
PE,calcado,1
PE,siriji,1
PE,sao joao,1
PE,sao joaquim do monte,1
PE,machados,1
PE,santa filomena,1
PE,pombos,1
PE,santo antonio das queimadas,1
PE,passira,1
PE,cha grande,1
PE,ferreiros,1
PE,pocao,1
PE,agrestina,1
PE,sao domingos,1
PE,terra nova,1
PE,nazare da mata,1
PE,xexeu,1
PE,orobo,1
PE,buique,1
PE,flores,1
PE,quixada,1
PE,santa terezinha,1
PE,capoeiras,1
PE,terezinha,1
PI,teresina,281
PI,parnaiba,23
PI,picos,19
PI,floriano,18
PI,cocal,8
PI,piripiri,7
PI,campo maior,7
PI,sao raimundo nonato,7
PI,sao joao do piaui,6
PI,oeiras,6
PI,regeneracao,6
PI,altos,5
PI,corrente,4
PI,eliseu martins,4
PI,bom jesus,4
PI,valenca do piaui,4
PI,guadalupe,4
PI,urucui,4
PI,esperantina,4
PI,jose de freitas,3
PI,barras,3
PI,fronteiras,3
PI,paulistana,3
PI,sao miguel do tapuio,3
PI,luzilandia,3
PI,piracuruca,2
PI,novo oriente do piaui,2
PI,avelino lopes,2
PI,pedro ii,2
PI,agua branca,2
PI,itaueira,2
PI,castelo do piaui,2
PI,buriti dos lopes,2
PI,pimenteiras,2
PI,gilbues,1
PI,isaias coelho,1
PI,marcos parente,1
PI,varzea grande,1
PI,campo alegre do fidalgo,1
PI,alvorada do gurgueia,1
PI,simplicio mendes,1
PI,pio ix,1
PI,redencao do gurgueia,1
PI,sebastiao leal,1
PI,francisco santos,1
PI,amarante,1
PI,baixa grande do ribeiro,1
PI,inhuma,1
PI,alegrete do piaui,1
PI,matias olimpio,1
PI,joaquim pires,1
PI,rio grande do piaui,1
PI,caxingo,1
PI,nova santa rita,1
PI,bertolinia,1
PI,bocaina,1
PI,conceicao do caninde,1
PI,sao jose do piaui,1
PI,angical do piaui,1
PI,luis correia,1
PI,lagoinha do piaui,1
PI,demerval lobao,1
PI,santa cruz do piaui,1
PI,uniao,1
PI,lagoa do piaui,1
PI,sao lourenco do piaui,1
PI,campo grande do piaui,1
PI,lagoa de sao francisco,1
PI,sao jose do divino,1
PI,ilha grande,1
PI,canto do buriti,1
PI,caldeirao grande do piaui,1
PR,curitiba,1521
PR,londrina,306
PR,maringa,271
PR,cascavel,148
PR,ponta grossa,143
PR,sao jose dos pinhais,133
PR,foz do iguacu,87
PR,toledo,71
PR,pinhais,69
PR,guarapuava,65
PR,colombo,62
PR,paranagua,60
PR,campo mourao,56
PR,araucaria,54
PR,pato branco,53
PR,apucarana,52
PR,francisco beltrao,52
PR,paranavai,47
PR,umuarama,41
PR,cianorte,39
PR,campo largo,37
PR,arapongas,35
PR,telemaco borba,35
PR,almirante tamandare,35
PR,marechal candido rondon,31
PR,uniao da vitoria,29
PR,fazenda rio grande,29
PR,dois vizinhos,28
PR,matinhos,27
PR,rolandia,27
PR,cambe,27
PR,cornelio procopio,24
PR,medianeira,23
PR,irati,22
PR,castro,22
PR,laranjeiras do sul,20
PR,jaguariaiva,19
PR,sarandi,19
PR,palmas,19
PR,mandaguari,18
PR,quatro barras,18
PR,jacarezinho,17
PR,marialva,16
PR,rio negro,15
PR,lapa,15
PR,sao mateus do sul,15
PR,piraquara,14
PR,palmeira,13
PR,cafelandia,13
PR,loanda,13
PR,bandeirantes,13
PR,ibipora,12
PR,santo antonio da platina,12
PR,assis chateaubriand,12
PR,sao joao,11
PR,andira,11
PR,ibaiti,11
PR,goioere,11
PR,coronel vivida,11
PR,cambara,10
PR,antonina,10
PR,campina grande do sul,10
PR,paicandu,10
PR,palotina,10
PR,sao miguel do iguacu,10
PR,porecatu,10
PR,arapoti,9
PR,ampere,9
PR,santa helena,9
PR,nova londrina,9
PR,capanema,9
PR,siqueira campos,9
PR,faxinal,9
PR,guaratuba,9
PR,mangueirinha,9
PR,pinhao,8
PR,ortigueira,8
PR,imbituva,8
PR,jandaia do sul,8
PR,quedas do iguacu,8
PR,nova esperanca,8
PR,pontal do parana,8
PR,mambore,8
PR,guaira,7
PR,cruzeiro do oeste,7
PR,primeiro de maio,7
PR,marmeleiro,7
PR,pinhalao,7
PR,ivaipora,7
PR,pirai do sul,7
PR,terra rica,7
PR,ceu azul,7
PR,ubirata,7
PR,missal,7
PR,astorga,7
PR,prudentopolis,7
PR,assai,6
PR,nova prata do iguacu,6
PR,itaipulandia,6
PR,itapejara d'oeste,6
PR,colorado,6
PR,rio branco do sul,6
PR,realeza,6
PR,carlopolis,6
PR,reboucas,6
PR,mallet,6
PR,japura,5
PR,floresta,5
PR,quatigua,5
PR,paulo frontin,5
PR,colonia vitoria,5
PR,ribeirao claro,5
PR,rio azul,5
PR,general carneiro,5
PR,cidade gaucha,5
PR,guaraniacu,5
PR,inacio martins,5
PR,mandaguacu,5
PR,diamante do norte,5
PR,santa fe,5
PR,bituruna,5
PR,ribeirao do pinhal,5
PR,capitao leonidas marques,5
PR,peabiru,5
PR,senges,5
PR,curiuva,4
PR,itaperucu,4
PR,jesuitas,4
PR,indianopolis,4
PR,renascenca,4
PR,centenario do sul,4
PR,chopinzinho,4
PR,santa cruz de monte castelo,4
PR,salto do lontra,4
PR,candido de abreu,4
PR,terra boa,4
PR,pien,4
PR,manoel ribas,4
PR,boa vista da aparecida,4
PR,santa mariana,4
PR,planalto,4
PR,eneas marques,4
PR,nova fatima,4
PR,terra roxa,4
PR,rio bonito do iguacu,4
PR,araruna,4
PR,tibagi,4
PR,morretes,4
PR,sertanopolis,4
PR,munhoz de melo,4
PR,nova santa rosa,4
PR,cerro azul,4
PR,figueira,4
PR,saudade do iguacu,4
PR,vera cruz do oeste,3
PR,carambei,3
PR,japira,3
PR,bela vista do paraiso,3
PR,cruz machado,3
PR,urai,3
PR,salgado filho,3
PR,moreira sales,3
PR,areia branca dos assis,3
PR,reserva,3
PR,ipiranga,3
PR,corbelia,3
PR,entre rios do oeste,3
PR,barbosa ferraz,3
PR,nova aurora,3
PR,quinta do sol,3
PR,santo antonio do sudoeste,3
PR,abatia,3
PR,ivate,3
PR,cafeara,3
PR,pitanga,3
PR,joaquim tavora,3
PR,nova cantu,3
PR,lobato,3
PR,florestopolis,3
PR,angulo,3
PR,sao joao do triunfo,3
PR,ventania,3
PR,maripa,3
PR,santa tereza do oeste,3
PR,campina da lagoa,3
PR,tomazina,3
PR,santa terezinha de itaipu,3
PR,colonia castrolanda,3
PR,santa isabel do ivai,3
PR,paranacity,3
PR,paraiso do norte,3
PR,sao pedro do ivai,3
PR,clevelandia,3
PR,jundiai do sul,3
PR,vere,3
PR,altonia,3
PR,janiopolis,3
PR,ivai,2
PR,tunas do parana,2
PR,sao jorge do patrocinio,2
PR,lindoeste,2
PR,jaboti,2
PR,roncador,2
PR,luiziana,2
PR,porto amazonas,2
PR,santa monica,2
PR,sao tome,2
PR,california,2
PR,ipora,2
PR,flor da serra do sul,2
PR,congonhinhas,2
PR,maua da serra,2
PR,mariluz,2
PR,bocaiuva do sul,2
PR,turvo,2
PR,sao joao do ivai,2
PR,lunardelli,2
PR,mandirituba,2
PR,matelandia,2
PR,itambaraca,2
PR,engenheiro beltrao,2
PR,perola d'oeste,2
PR,palmeirinha,2
PR,quitandinha,2
PR,serranopolis do iguacu,2
PR,cantagalo,2
PR,sapopema,2
PR,alto alegre do iguacu,2
PR,juranda,2
PR,tamarana,2
PR,jardim alegre,2
PR,tapejara,2
PR,lupionopolis,2
PR,colonia jordaozinho,2
PR,itaguaje,2
PR,cambira,2
PR,nossa senhora das gracas,2
PR,imbau,2
PR,pato bragado,2
PR,amapora,2
PR,vila nova,2
PR,guaraci,2
PR,perola,2
PR,santa izabel do oeste,2
PR,espigao alto do iguacu,2
PR,teixeira soares,2
PR,inaja,2
PR,rancho alegre,2
PR,iguaracu,2
PR,grandes rios,2
PR,borrazopolis,2
PR,rondon,2
PR,kalore,2
PR,alto parana,2
PR,alto alegre,2
PR,altamira do parana,2
PR,mercedes,2
PR,xambre,2
PR,wenceslau braz,2
PR,florai,2
PR,nova america da colina,1
PR,guapirama,1
PR,sao miguel do cambui,1
PR,ilha dos valadares,1
PR,mariental,1
PR,nova santa barbara,1
PR,rio verde,1
PR,leopolis,1
PR,campo magro,1
PR,boa esperanca,1
PR,icaraima,1
PR,serra dos dourados,1
PR,jardim olinda,1
PR,farol,1
PR,santa amelia,1
PR,guaraquecaba,1
PR,palmital,1
PR,balsa nova,1
PR,sao carlos do ivai,1
PR,pirapo,1
PR,alto piquiri,1
PR,quatro pontes,1
PR,querencia do norte,1
PR,santana,1
PR,fenix,1
PR,tupassi,1
PR,guamiranga,1
PR,ouro verde do oeste,1
PR,adhemar de barros,1
PR,alto sao joao,1
PR,vitorino,1
PR,alto paraiso,1
PR,campo do tenente,1
PR,nova esperanca do sudoeste,1
PR,perola independente,1
PR,formosa do oeste,1
PR,sao pedro do iguacu,1
PR,adrianopolis,1
PR,santo antonio do caiua,1
PR,paranapoema,1
PR,sao jose da boa vista,1
PR,sao jorge do ivai,1
PR,guairaca,1
PR,perobal,1
PR,marilandia do sul,1
PR,itambe,1
PR,barracao,1
PR,pranchita,1
PR,jussara,1
PR,santa cecilia do pavao,1
PR,bom sucesso,1
PR,doutor ulysses,1
PR,sao jorge do oeste,1
PR,manfrinopolis,1
PR,boa esperanca do iguacu,1
PR,ibema,1
PR,ourizona,1
PR,rosario do ivai,1
PR,santana do itarare,1
PR,jataizinho,1
PR,rancho alegre d'oeste,1
PR,godoy moreira,1
PR,iguatu,1
PR,sede alvorada,1
PR,doce grande,1
PR,candoi,1
PR,reserva do iguacu,1
PR,porto rico,1
PR,doutor camargo,1
PR,sao jorge d'oeste,1
PR,florida,1
PR,iretama,1
PR,santa margarida,1
PR,sabaudia,1
PR,conselheiro mairinck,1
PR,douradina,1
PR,sao sebastiao da amoreira,1
PR,novo itacolomi,1
PR,contenda,1
PR,planaltina do parana,1
PR,campo bonito,1
PR,vitoria,1
PR,sulina,1
PR,mato rico,1
PR,alexandra,1
PR,laranjal,1
PR,diamante d'oeste,1
PR,paula freitas,1
PR,foz do jordao,1
PR,barra do jacare,1
PR,coronel domingos soares,1
PR,corumbatai do sul,1
PR,sao clemente,1
PR,vila reis,1
PR,cruzeiro do iguacu,1
PR,bom jesus do sul,1
PR,salto do itarare,1
PR,jaguapita,1
PR,nova laranjeiras,1
PR,mariopolis,1
PR,tamboara,1
PR,santa lucia,1
PR,marilena,1
PR,santo inacio,1
RJ,rio de janeiro,6882
RJ,niteroi,849
RJ,nova iguacu,442
RJ,sao goncalo,409
RJ,duque de caxias,266
RJ,petropolis,240
RJ,macae,239
RJ,campos dos goytacazes,238
RJ,volta redonda,232
RJ,nova friburgo,152
RJ,marica,139
RJ,rio das ostras,137
RJ,sao joao de meriti,134
RJ,barra mansa,123
RJ,teresopolis,120
RJ,resende,117
RJ,cabo frio,117
RJ,belford roxo,111
RJ,mage,111
RJ,nilopolis,107
RJ,angra dos reis,85
RJ,araruama,77
RJ,mesquita,75
RJ,itaborai,60
RJ,barra do pirai,54
RJ,queimados,54
RJ,itaguai,48
RJ,saquarema,47
RJ,itaperuna,47
RJ,sao pedro da aldeia,46
RJ,tres rios,40
RJ,vassouras,37
RJ,paracambi,35
RJ,japeri,34
RJ,seropedica,33
RJ,santo antonio de padua,32
RJ,armacao dos buzios,29
RJ,arraial do cabo,29
RJ,valenca,28
RJ,miguel pereira,28
RJ,rio bonito,28
RJ,cordeiro,24
RJ,sao fidelis,23
RJ,guapimirim,23
RJ,bom jesus do itabapoana,21
RJ,cachoeiras de macacu,21
RJ,casimiro de abreu,20
RJ,paraty,19
RJ,miracema,19
RJ,iguaba grande,19
RJ,itatiaia,18
RJ,paraiba do sul,18
RJ,cantagalo,17
RJ,pirai,16
RJ,itaocara,16
RJ,natividade,15
RJ,sao francisco de itabapoana,15
RJ,sao joao da barra,15
RJ,italva,14
RJ,bom jardim,14
RJ,pinheiral,14
RJ,carmo,13
RJ,quissama,13
RJ,barra de sao joao,13
RJ,aperibe,13
RJ,paty do alferes,13
RJ,conceicao de macabu,13
RJ,mangaratiba,13
RJ,parati,13
RJ,sao jose do vale do rio preto,12
RJ,mendes,12
RJ,goitacazes,11
RJ,papucaia,10
RJ,sumidouro,10
RJ,cambuci,8
RJ,porciuncula,8
RJ,trajano de moraes,8
RJ,vila muriqui,7
RJ,santa maria madalena,7
RJ,comendador levy gasparian,7
RJ,porto real,7
RJ,areal,7
RJ,california da barra,6
RJ,engenheiro paulo de frontin,6
RJ,santo amaro de campos,6
RJ,cardoso moreira,6
RJ,rio das flores,6
RJ,tangua,6
RJ,sapucaia,5
RJ,japuiba,5
RJ,quatis,5
RJ,carapebus,5
RJ,governador portela,4
RJ,travessao,4
RJ,anta,4
RJ,ipiabas,4
RJ,varre-sai,4
RJ,avelar,4
RJ,santanesia,4
RJ,silva jardim,4
RJ,sao sebastiao do alto,4
RJ,conservatoria,4
RJ,raposo,3
RJ,rio claro,3
RJ,visconde de maua,3
RJ,sao jose do turvo,3
RJ,arrozal,3
RJ,sao jose de uba,3
RJ,tocos,2
RJ,engenheiro passos,2
RJ,werneck,2
RJ,glicerio,2
RJ,santo eduardo,2
RJ,passa tres,2
RJ,monnerat,2
RJ,conrado,1
RJ,vargem alegre,1
RJ,piao,1
RJ,itacurussa,1
RJ,santa maria,1
RJ,sao sebastiao de campos,1
RJ,valao do barro,1
RJ,mussurepe,1
RJ,jamapara,1
RJ,barao de juparana,1
RJ,laje do muriae,1
RJ,sao jose do ribeirao,1
RJ,portela,1
RJ,purilandia,1
RJ,cambiasca,1
RJ,lidice,1
RJ,boa ventura,1
RJ,duas barras,1
RJ,jaguarembe,1
RJ,sao sebastiao do paraiba,1
RJ,corrego do ouro,1
RJ,penedo,1
RJ,santa rita da floresta,1
RJ,pureza,1
RJ,ibitioca,1
RJ,tres irmaos,1
RJ,bemposta,1
RJ,bacaxa,1
RJ,sacra familia do tingua,1
RJ,macuco,1
RJ,bom jesus do querendo,1
RJ,santa isabel do rio preto,1
RJ,boa esperanca,1
RJ,sao joao do paraiso,1
RN,natal,207
RN,parnamirim,59
RN,mossoro,37
RN,caico,10
RN,pau dos ferros,9
RN,currais novos,8
RN,alto do rodrigues,8
RN,sao goncalo do amarante,7
RN,macaiba,5
RN,macau,5
RN,santa cruz,4
RN,parelhas,4
RN,sao miguel,4
RN,jucurutu,4
RN,goianinha,3
RN,acu,3
RN,areia branca,3
RN,apodi,3
RN,caraubas,3
RN,sao jose de mipibu,3
RN,patu,3
RN,jardim do serido,3
RN,nova cruz,3
RN,upanema,3
RN,guamare,2
RN,sao miguel do gostoso,2
RN,sao vicente,2
RN,ceara-mirim,2
RN,serra de sao bento,2
RN,pendencias,2
RN,alexandria,2
RN,rodolfo fernandes,2
RN,itau,2
RN,carnaubais,2
RN,santana do serido,2
RN,martins,2
RN,lagoa nova,2
RN,joao camara,2
RN,sao paulo do potengi,2
RN,extremoz,2
RN,portalegre,2
RN,ielmo marinho,2
RN,caicara do norte,1
RN,ipueira,1
RN,lagoa d'anta,1
RN,pedra preta,1
RN,frutuoso gomes,1
RN,lagoa de velhos,1
RN,santo antonio,1
RN,sao jose do campestre,1
RN,acari,1
RN,vicosa,1
RN,bodo,1
RN,francisco dantas,1
RN,sao rafael,1
RN,jardim de piranhas,1
RN,pedro velho,1
RN,governador dix-sept rosado,1
RN,janduis,1
RN,santa maria,1
RN,carnauba dos dantas,1
RN,sao jose do serido,1
RN,poco de pedra,1
RN,sitio novo,1
RN,barauna,1
RN,monte alegre,1
RN,jose da penha,1
RN,almino afonso,1
RN,galinhos,1
RN,sao tome,1
RN,angicos,1
RN,vera cruz,1
RN,tibau do sul,1
RN,japi,1
RN,agua nova,1
RN,lagoa salgada,1
RN,felipe guerra,1
RN,coronel joao pessoa,1
RN,messias targino,1
RN,severiano melo,1
RN,jandaira,1
RN,marcelino vieira,1
RN,vila flor,1
RN,sao fernando,1
RN,sao joao do sabugi,1
RN,tenente ananias,1
RN,riacho da cruz,1
RN,antonio martins,1
RN,montanhas,1
RN,florania,1
RO,porto velho,113
RO,vilhena,18
RO,ji-parana,17
RO,ariquemes,13
RO,cacoal,13
RO,pimenta bueno,8
RO,rolim de moura,7
RO,espigao do oeste,6
RO,jaru,6
RO,sao miguel do guapore,4
RO,extrema,4
RO,ouro preto do oeste,4
RO,machadinho d'oeste,3
RO,alta floresta d'oeste,3
RO,colorado do oeste,3
RO,urupa,3
RO,guajara-mirim,3
RO,nova mamore,2
RO,costa marques,2
RO,buritis,2
RO,presidente medici,2
RO,sao francisco do guapore,2
RO,seringueiras,2
RO,nova brasilandia d'oeste,2
RO,cujubim,1
RO,alvorada d'oeste,1
RO,cabixi,1
RO,cerejeiras,1
RO,mirante da serra,1
RO,mutum parana,1
RO,alto paraiso,1
RO,candeias do jamari,1
RO,ministro andreazza,1
RO,cacaulandia,1
RO,castanheiras,1
RR,boa vista,45
RR,bonfim,1
RS,porto alegre,1379
RS,caxias do sul,224
RS,canoas,210
RS,santa maria,194
RS,pelotas,186
RS,rio grande,125
RS,novo hamburgo,123
RS,passo fundo,113
RS,gravatai,112
RS,sao leopoldo,105
RS,viamao,73
RS,cachoeirinha,72
RS,bage,65
RS,santa cruz do sul,62
RS,erechim,58
RS,bento goncalves,56
RS,ijui,52
RS,alvorada,50
RS,lajeado,50
RS,uruguaiana,48
RS,santo angelo,46
RS,esteio,41
RS,sapucaia do sul,40
RS,capao da canoa,38
RS,campo bom,36
RS,alegrete,36
RS,osorio,35
RS,cruz alta,33
RS,santa rosa,33
RS,montenegro,32
RS,cachoeira do sul,32
RS,guaiba,31
RS,gramado,30
RS,farroupilha,28
RS,sapiranga,26
RS,venancio aires,26
RS,santiago,26
RS,tramandai,25
RS,sao gabriel,24
RS,carazinho,24
RS,vacaria,23
RS,marau,22
RS,ibiruba,21
RS,taquara,21
RS,carlos barbosa,20
RS,estancia velha,20
RS,santana do livramento,20
RS,sao borja,18
RS,veranopolis,18
RS,dois irmaos,18
RS,guapore,18
RS,canela,18
RS,torres,17
RS,santo antonio da patrulha,17
RS,charqueadas,17
RS,igrejinha,17
RS,panambi,17
RS,estrela,16
RS,nova prata,16
RS,palmeira das missoes,16
RS,sao luiz gonzaga,15
RS,cangucu,15
RS,eldorado do sul,15
RS,feliz,14
RS,teutonia,14
RS,rosario do sul,14
RS,frederico westphalen,14
RS,lagoa vermelha,14
RS,sao lourenco do sul,14
RS,imbe,13
RS,sao sebastiao do cai,13
RS,camaqua,13
RS,ivoti,13
RS,parobe,12
RS,flores da cunha,12
RS,santa vitoria do palmar,12
RS,tres de maio,12
RS,mostardas,11
RS,taquari,11
RS,triunfo,11
RS,encantado,11
RS,tres passos,11
RS,girua,10
RS,garibaldi,10
RS,julio de castilhos,10
RS,dom pedrito,10
RS,rolante,10
RS,portao,10
RS,arroio do meio,10
RS,tapejara,9
RS,arroio dos ratos,9
RS,sao marcos,9
RS,itaqui,9
RS,santo augusto,9
RS,serafina correa,9
RS,nova petropolis,8
RS,encruzilhada do sul,8
RS,balneario pinhal,8
RS,jaguarao,8
RS,getulio vargas,8
RS,xangri-la,8
RS,arroio do sal,8
RS,nao-me-toque,7
RS,horizontina,7
RS,casca,7
RS,sao jose do norte,7
RS,sao jeronimo,7
RS,cerro largo,7
RS,santo cristo,7
RS,tres cachoeiras,7
RS,espumoso,7
RS,tapes,6
RS,sananduva,6
RS,rio pardo,6
RS,sao sepe,6
RS,tres coroas,6
RS,ronda alta,6
RS,butia,6
RS,campinas do sul,6
RS,bom principio,6
RS,palmitinho,5
RS,sao jose do ouro,5
RS,cidreira,5
RS,estacao,5
RS,porto xavier,5
RS,soledade,5
RS,pinheiro machado,5
RS,antonio prado,5
RS,terra de areia,5
RS,chui,5
RS,nova santa rita,5
RS,barra do ribeiro,5
RS,palmares do sul,5
RS,cacapava do sul,5
RS,roque gonzales,5
RS,dom feliciano,5
RS,sao francisco de paula,5
RS,sarandi,5
RS,nova bassano,4
RS,candiota,4
RS,salto do jacui,4
RS,cacequi,4
RS,tupancireta,4
RS,capao do leao,4
RS,quarai,4
RS,arvorezinha,4
RS,pejucara,4
RS,cruzeiro do sul,4
RS,vera cruz,4
RS,anta gorda,4
RS,santo antonio das missoes,4
RS,catuipe,4
RS,jari,4
RS,condor,4
RS,candelaria,4
RS,trindade do sul,4
RS,chapada,4
RS,planalto,3
RS,barros cassal,3
RS,pedro osorio,3
RS,gaurama,3
RS,colorado,3
RS,arroio grande,3
RS,tucunduva,3
RS,toropi,3
RS,cristal,3
RS,lavras do sul,3
RS,maximiliano de almeida,3
RS,sertao,3
RS,manoel viana,3
RS,jaguari,3
RS,bom retiro do sul,3
RS,vila flores,3
RS,vale real,3
RS,capao do cipo,3
RS,sao valentim,3
RS,tupandi,3
RS,nova alvorada,3
RS,campos borges,3
RS,entre-ijuis,3
RS,restinga seca,3
RS,parai,3
RS,redentora,3
RS,pantano grande,3
RS,sobradinho,3
RS,tres arroios,3
RS,tenente portela,3
RS,imigrante,3
RS,vila langaro,3
RS,nova hartz,3
RS,morro reuter,3
RS,ilopolis,3
RS,crissiumal,2
RS,victor graeff,2
RS,sao jose do hortencio,2
RS,arroio do tigre,2
RS,sao vendelino,2
RS,santa barbara do sul,2
RS,quevedos,2
RS,roca sales,2
RS,ibiaca,2
RS,seberi,2
RS,cerro grande do sul,2
RS,campina das missoes,2
RS,capao da porteira,2
RS,novo barreiro,2
RS,capela de santana,2
RS,agua santa,2
RS,coqueiro baixo,2
RS,mato leitao,2
RS,david canabarro,2
RS,barracao,2
RS,macambara,2
RS,ametista do sul,2
RS,nova esperanca do sul,2
RS,santana da boa vista,2
RS,nova palma,2
RS,putinga,2
RS,campestre da serra,2
RS,nonoai,2
RS,caibate,2
RS,ipe,2
RS,erval grande,2
RS,campo novo,2
RS,ajuricaba,2
RS,sinimbu,2
RS,irai,2
RS,rodeio bonito,2
RS,aurea,2
RS,glorinha,2
RS,formigueiro,2
RS,tuparendi,2
RS,santo antonio do palma,2
RS,montauri,2
RS,santa clara do sul,2
RS,sao francisco de assis,2
RS,ibiraiaras,2
RS,ararica,2
RS,barao de cotegipe,2
RS,charrua,2
RS,sao paulo das missoes,2
RS,acegua,2
RS,guarani das missoes,2
RS,boqueirao do leao,2
RS,coxilha,2
RS,augusto pestana,2
RS,herval,2
RS,fazenda vilanova,2
RS,protasio alves,2
RS,dona francisca,2
RS,herveiras,1
RS,morro redondo,1
RS,marques de souza,1
RS,gramado dos loureiros,1
RS,colinas,1
RS,barao do triunfo,1
RS,tres forquilhas,1
RS,mariano moro,1
RS,boa vista do burica,1
RS,caseiros,1
RS,itatiba do sul,1
RS,nova padua,1
RS,miraguai,1
RS,boa vista do sul,1
RS,nova araca,1
RS,capivari do sul,1
RS,tavares,1
RS,pedras altas,1
RS,vicente dutra,1
RS,alto alegre,1
RS,faxinalzinho,1
RS,tapera,1
RS,vespasiano correa,1
RS,mampituba,1
RS,mata,1
RS,unistalda,1
RS,ipiranga,1
RS,ivora,1
RS,machadinho,1
RS,ibarama,1
RS,ciriaco,1
RS,erebango,1
RS,segredo,1
RS,aratiba,1
RS,barao,1
RS,itaara,1
RS,santo antonio do planalto,1
RS,lagoao,1
RS,cerrito,1
RS,capitao,1
RS,osvaldo kroeff,1
RS,minas do leao,1
RS,paraiso do sul,1
RS,pareci novo,1
RS,agudo,1
RS,gramado xavier,1
RS,nova roma do sul,1
RS,pouso novo,1
RS,senador salgado filho,1
RS,ipiranga do sul,1
RS,silveira martins,1
RS,eugenio de castro,1
RS,boa vista das missoes,1
RS,selbach,1
RS,lindolfo collor,1
RS,nova boa vista,1
RS,alpestre,1
RS,jacutinga,1
RS,vista alegre,1
RS,travesseiro,1
RS,pinhal da serra,1
RS,dezesseis de novembro,1
RS,boa vista do cadeado,1
RS,santa maria do herval,1
RS,vale do sol,1
RS,vitoria das missoes,1
RS,salvador do sul,1
RS,monte bonito,1
RS,sertao santana,1
RS,piratini,1
RS,sao pedro do sul,1
RS,santo expedito do sul,1
RS,fontoura xavier,1
RS,bossoroca,1
RS,constantina,1
RS,novo machado,1
RS,novo cabrais,1
RS,jaquirana,1
RS,hulha negra,1
RS,alegria,1
RS,maquine,1
RS,aguas claras,1
RS,garruchos,1
RS,andre da rocha,1
RS,sao jorge,1
RS,sao domingos do sul,1
RS,esmeralda,1
RS,monte alverne,1
RS,presidente lucena,1
RS,coqueiros do sul,1
RS,taquarucu do sul,1
RS,pinto bandeira,1
RS,pontao,1
RS,sao joao da urtiga,1
RS,cotipora,1
RS,candido godoi,1
RS,rio dos indios,1
RS,general camara,1
RS,sao nicolau,1
RS,nova brescia,1
RS,sao jose do inhacora,1
RS,rainha do mar,1
RS,tiradentes do sul,1
RS,porto lucena,1
RS,estrela velha,1
RS,monte belo do sul,1
RS,vanini,1
RS,cambara do sul,1
RS,jacuizinho,1
RS,doutor mauricio cardoso,1
RS,serio,1
RS,vila nova do sul,1
RS,lagoa dos tres cantos,1
RS,cerro grande,1
RS,guabiju,1
RS,muliterno,1
RS,progresso,1
RS,sao martinho,1
RS,polo petroquimico de triunfo,1
RS,chiapetta,1
RS,sete de setembro,1
RS,picada cafe,1
RS,barra do rio azul,1
RS,liberato salzano,1
RS,fortaleza dos valos,1
RS,uniao da serra,1
RS,padre gonzales,1
RS,sao pedro do butia,1
RS,almirante tamandare do sul,1
SC,florianopolis,570
SC,joinville,264
SC,blumenau,188
SC,sao jose,169
SC,itajai,120
SC,chapeco,103
SC,balneario camboriu,100
SC,palhoca,95
SC,criciuma,93
SC,jaragua do sul,89
SC,lages,84
SC,tubarao,60
SC,brusque,60
SC,concordia,50
SC,videira,47
SC,sao bento do sul,45
SC,itapema,44
SC,sao miguel do oeste,40
SC,cacador,40
SC,rio do sul,35
SC,imbituba,34
SC,navegantes,31
SC,gaspar,30
SC,tijucas,30
SC,xanxere,29
SC,mafra,28
SC,camboriu,28
SC,canoinhas,27
SC,joacaba,26
SC,indaial,26
SC,biguacu,25
SC,garopaba,23
SC,curitibanos,21
SC,icara,21
SC,timbo,20
SC,braco do norte,20
SC,ararangua,18
SC,penha,17
SC,sao francisco do sul,17
SC,barra velha,16
SC,bombinhas,15
SC,taio,15
SC,fraiburgo,15
SC,ituporanga,15
SC,laguna,14
SC,campos novos,14
SC,porto uniao,14
SC,rio negrinho,13
SC,forquilhinha,13
SC,ibirama,13
SC,guaramirim,13
SC,itapiranga,12
SC,santo amaro da imperatriz,12
SC,sao lourenco do oeste,11
SC,faxinal dos guedes,11
SC,treze tilias,11
SC,sombrio,11
SC,correia pinto,11
SC,araquari,11
SC,capinzal,10
SC,sao joao batista,10
SC,xaxim,10
SC,urussanga,10
SC,maravilha,10
SC,balneario picarras,10
SC,pinhalzinho,9
SC,sao joaquim,9
SC,pomerode,9
SC,porto belo,9
SC,itapoa,9
SC,schroeder,9
SC,herval d'oeste,9
SC,papanduva,8
SC,lauro muller,8
SC,itaiopolis,8
SC,orleans,8
SC,morro da fumaca,7
SC,apiuna,7
SC,passo de torres,7
SC,presidente getulio,7
SC,rodeio,7
SC,campo ere,7
SC,ipora do oeste,6
SC,nova trento,6
SC,santa cecilia,6
SC,catanduvas,6
SC,abelardo luz,6
SC,seara,6
SC,benedito novo,6
SC,gravatal,6
SC,piratuba,6
SC,garuva,5
SC,ipumirim,5
SC,capivari de baixo,5
SC,vargem bonita,5
SC,guabiruba,5
SC,tres barras,5
SC,laurentino,5
SC,sao carlos,5
SC,palmitos,5
SC,anita garibaldi,5
SC,sao jose do cedro,5
SC,cunha pora,5
SC,trombudo central,5
SC,otacilio costa,5
SC,petrolandia,5
SC,jacinto machado,4
SC,irineopolis,4
SC,canelinha,4
SC,salto veloso,4
SC,corupa,4
SC,ilhota,4
SC,balneario arroio do silva,4
SC,guaruja do sul,4
SC,saudades,4
SC,cocal do sul,4
SC,ibiam,4
SC,rio do campo,4
SC,ascurra,4
SC,quilombo,4
SC,praia grande,4
SC,imbuia,4
SC,palma sola,4
SC,irani,4
SC,turvo,4
SC,balneario barra do sul,4
SC,sideropolis,4
SC,urubici,3
SC,nova erechim,3
SC,timbe do sul,3
SC,lontras,3
SC,rio fortuna,3
SC,monte carlo,3
SC,riqueza,3
SC,ita,3
SC,witmarsum,3
SC,rio do oeste,3
SC,ponte serrada,3
SC,meleiro,3
SC,palmeira,3
SC,anchieta,3
SC,pouso redondo,3
SC,balneario gaivota,3
SC,major vieira,3
SC,grao para,3
SC,dionisio cerqueira,3
SC,balneario rincao,3
SC,sao ludgero,3
SC,governador celso ramos,3
SC,massaranduba,3
SC,santa rosa de lima,3
SC,nova veneza,3
SC,caibi,3
SC,sao jose do cerrito,3
SC,sangao,3
SC,nossa senhora de caravaggio,2
SC,aurora,2
SC,paulo lopes,2
SC,maracana,2
SC,rancho queimado,2
SC,peritiba,2
SC,zortea,2
SC,rio das antas,2
SC,agronomica,2
SC,jaguaruna,2
SC,sao martinho,2
SC,sao joao do sul,2
SC,botuvera,2
SC,coronel martins,2
SC,mondai,2
SC,celso ramos,2
SC,xavantina,2
SC,sao pedro de alcantara,2
SC,sao domingos,2
SC,passos maia,2
SC,alfredo wagner,2
SC,armazem,2
SC,ipira,2
SC,nova itaberaba,2
SC,anitapolis,2
SC,luiz alves,2
SC,jabora,2
SC,ibicare,2
SC,antonio carlos,2
SC,bom jesus,2
SC,campo alegre,2
SC,abdon batista,1
SC,sao bonifacio,1
SC,calmon,1
SC,lebon regis,1
SC,sao joao do itaperiu,1
SC,presidente castello branco,1
SC,paial,1
SC,caxambu do sul,1
SC,macieira,1
SC,arroio trinta,1
SC,paraiso,1
SC,presidente nereu,1
SC,bom retiro,1
SC,vargeao,1
SC,guaraciaba,1
SC,fragosos,1
SC,belmonte,1
SC,lindoia do sul,1
SC,angelina,1
SC,sao bernardino,1
SC,sao cristovao do sul,1
SC,agua doce,1
SC,atalanta,1
SC,tangara,1
SC,tunapolis,1
SC,rio dos cedros,1
SC,aguas mornas,1
SC,coronel freitas,1
SC,galvao,1
SC,aguas frias,1
SC,leoberto leal,1
SC,uniao do oeste,1
SC,dona emma,1
SC,cerro negro,1
SC,santa cruz do timbo,1
SC,romelandia,1
SC,novo horizonte,1
SC,jose boiteux,1
SC,frei rogerio,1
SC,treviso,1
SC,iomere,1
SC,monte castelo,1
SC,ponte alta do norte,1
SC,lajeado grande,1
SC,santa terezinha,1
SC,arvoredo,1
SC,chapadao do lageado,1
SC,picarras,1
SC,rio rufino,1
SC,ouro,1
SC,morro grande,1
SC,santa rosa do sul,1
SC,agrolandia,1
SC,alto bela vista,1
SE,aracaju,225
SE,itabaiana,16
SE,nossa senhora do socorro,14
SE,lagarto,11
SE,estancia,9
SE,simao dias,7
SE,sao cristovao,7
SE,poco verde,4
SE,propria,4
SE,sao francisco,3
SE,barra dos coqueiros,3
SE,cedro de sao joao,3
SE,umbauba,3
SE,capela,3
SE,tobias barreto,2
SE,tomar do geru,2
SE,nossa senhora da gloria,2
SE,carmopolis,2
SE,itabaianinha,2
SE,caninde de sao francisco,2
SE,nossa senhora das dores,1
SE,itabi,1
SE,neopolis,1
SE,ribeiropolis,1
SE,general maynard,1
SE,indiaroba,1
SE,pinhao,1
SE,riachuelo,1
SE,sao miguel do aleixo,1
SE,graccho cardoso,1
SE,pirambu,1
SE,poco redondo,1
SE,japaratuba,1
SE,telha,1
SE,santo amaro das brotas,1
SE,nossa senhora de lourdes,1
SE,aquidaba,1
SE,malhador,1
SE,japoata,1
SE,boquim,1
SE,itaporanga d'ajuda,1
SE,campo do brito,1
SE,macambira,1
SE,cristinapolis,1
SE,brejo grande,1
SE,monte alegre de sergipe,1
SP,sao paulo,15540
SP,campinas,1444
SP,guarulhos,1189
SP,sao bernardo do campo,938
SP,santo andre,796
SP,osasco,746
SP,santos,713
SP,sao jose dos campos,691
SP,sorocaba,633
SP,jundiai,565
SP,ribeirao preto,510
SP,barueri,433
SP,mogi das cruzes,383
SP,piracicaba,369
SP,sao jose do rio preto,335
SP,carapicuiba,328
SP,maua,323
SP,praia grande,311
SP,taboao da serra,296
SP,diadema,286
SP,indaiatuba,280
SP,sao caetano do sul,277
SP,bauru,273
SP,taubate,270
SP,cotia,250
SP,sao carlos,236
SP,suzano,234
SP,guaruja,226
SP,americana,224
SP,marilia,196
SP,jacarei,194
SP,limeira,190
SP,santana de parnaiba,185
SP,sumare,183
SP,valinhos,183
SP,itaquaquecetuba,172
SP,itapevi,170
SP,embu das artes,165
SP,sao vicente,163
SP,franca,161
SP,presidente prudente,161
SP,atibaia,159
SP,araraquara,155
SP,rio claro,154
SP,braganca paulista,146
SP,hortolandia,145
SP,aracatuba,141
SP,itu,136
SP,paulinia,130
SP,santa barbara d'oeste,119
SP,ferraz de vasconcelos,111
SP,ribeirao pires,109
SP,franco da rocha,109
SP,caieiras,102
SP,cajamar,101
SP,botucatu,101
SP,pindamonhangaba,101
SP,francisco morato,100
SP,guaratingueta,98
SP,itapecerica da serra,98
SP,itatiba,97
SP,salto,95
SP,vinhedo,95
SP,araras,94
SP,mogi-guacu,93
SP,caraguatatuba,89
SP,votorantim,85
SP,jandira,85
SP,poa,85
SP,assis,84
SP,lorena,83
SP,sao joao da boa vista,82
SP,itanhaem,80
SP,varzea paulista,80
SP,ourinhos,80
SP,cubatao,79
SP,birigui,79
SP,sao roque,79
SP,itapetininga,78
SP,mogi mirim,76
SP,ubatuba,76
SP,catanduva,75
SP,tatui,75
SP,mairipora,75
SP,jau,74
SP,cacapava,74
SP,barretos,73
SP,pirassununga,69
SP,aruja,69
SP,amparo,67
SP,avare,64
SP,votuporanga,63
SP,sertaozinho,62
SP,jaguariuna,62
SP,sao sebastiao,60
SP,cruzeiro,56
SP,itapira,55
SP,lins,55
SP,jaboticabal,54
SP,tupa,53
SP,itapeva,53
SP,fernandopolis,53
SP,cosmopolis,52
SP,matao,52
SP,bebedouro,51
SP,registro,50
SP,boituva,50
SP,leme,50
SP,bertioga,49
SP,campo limpo paulista,48
SP,ilhabela,46
SP,embu-guacu,46
SP,lencois paulista,45
SP,peruibe,44
SP,sao jose do rio pardo,44
SP,louveira,44
SP,vargem grande paulista,44
SP,itupeva,44
SP,andradina,43
SP,artur nogueira,43
SP,mongagua,42
SP,monte mor,40
SP,tremembe,38
SP,nova odessa,38
SP,olimpia,38
SP,tiete,37
SP,penapolis,37
SP,adamantina,36
SP,pedreira,36
SP,guaira,36
SP,capivari,35
SP,santa cruz do rio pardo,35
SP,santa fe do sul,35
SP,sao joaquim da barra,34
SP,mococa,34
SP,monte alto,34
SP,taquaritinga,33
SP,promissao,32
SP,ibiuna,31
SP,ituverava,30
SP,santa isabel,30
SP,jales,30
SP,cerquilho,30
SP,orlandia,29
SP,barra bonita,29
SP,itarare,29
SP,mirassol,29
SP,porto ferreira,28
SP,garca,28
SP,itapolis,28
SP,dracena,28
SP,batatais,28
SP,capao bonito,28
SP,campos do jordao,26
SP,rio grande da serra,26
SP,presidente venceslau,26
SP,cachoeira paulista,25
SP,mairinque,25
SP,aparecida,25
SP,cravinhos,24
SP,holambra,24
SP,ilha solteira,24
SP,piedade,23
SP,presidente epitacio,23
SP,aguas de lindoia,23
SP,ibitinga,22
SP,porto feliz,22
SP,piracaia,22
SP,rancharia,22
SP,sao manuel,21
SP,pederneiras,21
SP,juquitiba,21
SP,santo antonio de posse,20
SP,paraguacu paulista,20
SP,barrinha,20
SP,tambau,20
SP,piraju,19
SP,nova granada,19
SP,socorro,19
SP,jarinu,19
SP,guararapes,19
SP,conchal,19
SP,pereira barreto,19
SP,monte azul paulista,19
SP,iracemapolis,18
SP,bonfim paulista,18
SP,pitangueiras,18
SP,palmital,18
SP,cerqueira cesar,18
SP,espirito santo do pinhal,18
SP,santa rita do passa quatro,18
SP,ipero,18
SP,bom jesus dos perdoes,18
SP,viradouro,18
SP,americo brasiliense,17
SP,novo horizonte,17
SP,santo anastacio,17
SP,laranjal paulista,17
SP,pompeia,17
SP,bastos,17
SP,taquarituba,16
SP,agudos,16
SP,candido mota,16
SP,pirapora do bom jesus,16
SP,osvaldo cruz,16
SP,cordeiropolis,16
SP,cajati,16
SP,pariquera-acu,15
SP,santa adelia,15
SP,junqueiropolis,15
SP,cunha,15
SP,bariri,15
SP,pirapozinho,14
SP,miguelopolis,14
SP,santa rosa de viterbo,14
SP,serra negra,14
SP,guariba,14
SP,vargem grande do sul,14
SP,iguape,14
SP,engenheiro coelho,13
SP,mirandopolis,13
SP,serrana,13
SP,descalvado,13
SP,pontal,13
SP,salto de pirapora,13
SP,aluminio,13
SP,quata,13
SP,cesario lange,13
SP,casa branca,13
SP,sao miguel arcanjo,13
SP,jardinopolis,13
SP,ibate,13
SP,tabapua,12
SP,sao pedro,12
SP,jose bonifacio,12
SP,itaporanga,12
SP,sao lourenco da serra,12
SP,brotas,12
SP,chavantes,12
SP,pilar do sul,12
SP,macatuba,12
SP,pirajui,12
SP,teodoro sampaio,12
SP,lucelia,12
SP,pinhalzinho,12
SP,tapiratiba,12
SP,santa gertrudes,12
SP,guararema,11
SP,embu,11
SP,castilho,11
SP,dois corregos,11
SP,tanabi,11
SP,paranapanema,11
SP,rio das pedras,11
SP,aracoiaba da serra,11
SP,ouroeste,11
SP,boa esperanca do sul,11
SP,monte aprazivel,10
SP,aguai,10
SP,urupes,10
SP,biritiba-mirim,10
SP,buri,10
SP,taguai,10
SP,sao simao,10
SP,itai,10
SP,regente feijo,10
SP,vera cruz,10
SP,fartura,10
SP,conchas,10
SP,juquia,10
SP,brodowski,10
SP,palestina,10
SP,aracariguama,10
SP,paraibuna,10
SP,auriflama,10
SP,pradopolis,10
SP,morro agudo,10
SP,caconde,10
SP,aguas da prata,10
SP,duartina,10
SP,salesopolis,10
SP,itajobi,10
SP,charqueada,10
SP,colina,9
SP,primavera,9
SP,lindoia,9
SP,santa branca,9
SP,bilac,9
SP,santa cruz das palmeiras,9
SP,borborema,9
SP,potirendaba,9
SP,cajuru,9
SP,icem,9
SP,piquete,9
SP,pedro de toledo,9
SP,taruma,9
SP,buritama,9
SP,piratininga,9
SP,alvares machado,8
SP,nhandeara,8
SP,angatuba,8
SP,nova europa,8
SP,dourado,8
SP,guara,8
SP,parapua,8
SP,cananeia,8
SP,jacare,8
SP,cafelandia,8
SP,maracai,8
SP,pirangi,8
SP,valparaiso,8
SP,martinopolis,8
SP,cajobi,8
SP,guaicara,8
SP,sao bento do sapucai,7
SP,nazare paulista,7
SP,ipaussu,7
SP,estiva gerbi,7
SP,santa albertina,7
SP,bady bassitt,7
SP,itapui,7
SP,ribeirao bonito,7
SP,avanhandava,7
SP,luis antonio,7
SP,general salgado,7
SP,ibira,7
SP,itobi,7
SP,divinolandia,7
SP,morungaba,7
SP,igarapava,7
SP,itabera,7
SP,cosmorama,6
SP,sales oliveira,6
SP,fernando prestes,6
SP,balsamo,6
SP,apiai,6
SP,irapuru,6
SP,cardoso,6
SP,cedral,6
SP,eldorado,6
SP,monte alegre do sul,6
SP,bocaina,6
SP,bananal,6
SP,bofete,6
SP,joanopolis,6
SP,itapura,6
SP,iacanga,6
SP,tupi paulista,6
SP,cabreuva,6
SP,guapiacu,6
SP,torrinha,6
SP,pacaembu,6
SP,presidente bernardes,6
SP,itariri,6
SP,catigua,6
SP,panorama,5
SP,santo antonio do jardim,5
SP,taiuva,5
SP,tabatinga,5
SP,guaranta,5
SP,miracatu,5
SP,igarata,5
SP,ibirarema,5
SP,paulo de faria,5
SP,ocaucu,5
SP,timburi,5
SP,jacupiranga,5
SP,iepe,5
SP,saltinho,5
SP,santa barbara d oeste,5
SP,rafard,5
SP,colombia,5
SP,adolfo,5
SP,sales,5
SP,holambra ii,5
SP,guarei,5
SP,palmeira d'oeste,5
SP,brauna,5
SP,severinia,5
SP,elias fausto,5
SP,paraiso,5
SP,sete barras,5
SP,ariranha,5
SP,orindiuva,5
SP,guaracai,5
SP,tres fronteiras,5
SP,tarabai,5
SP,roseira,5
SP,sud mennucci,5
SP,santa cruz da conceicao,4
SP,bernardino de campos,4
SP,analandia,4
SP,cabralia paulista,4
SP,pedrinhas paulista,4
SP,arandu,4
SP,urania,4
SP,cristais paulista,4
SP,irapua,4
SP,arealva,4
SP,igaracu do tiete,4
SP,ilha comprida,4
SP,rosana,4
SP,quintana,4
SP,mendonca,4
SP,maristela,4
SP,clementina,4
SP,altinopolis,4
SP,florida paulista,4
SP,pongai,4
SP,candido rodrigues,4
SP,sao sebastiao da grama,4
SP,ipua,4
SP,dumont,4
SP,jambeiro,4
SP,itatinga,4
SP,macedonia,4
SP,lavinia,4
SP,lagoinha,3
SP,poloni,3
SP,lupercio,3
SP,itaju,3
SP,oscar bressane,3
SP,uchoa,3
SP,jaborandi,3
SP,jumirim,3
SP,areiopolis,3
SP,sao jose da bela vista,3
SP,ouro verde,3
SP,taquarivai,3
SP,reginopolis,3
SP,sao jose do barreiro,3
SP,luiziania,3
SP,ribeirao do sul,3
SP,quadra,3
SP,oriente,3
SP,estrela do norte,3
SP,silveiras,3
SP,terra roxa,3
SP,mirante do paranapanema,3
SP,aguas de santa barbara,3
SP,mombuca,3
SP,gastao vidigal,3
SP,indiapora,3
SP,pedra bela,3
SP,mineiros do tiete,3
SP,aguas de sao pedro,3
SP,guapiara,3
SP,santa lucia,3
SP,barra do turvo,3
SP,capela do alto,3
SP,santa rita d'oeste,3
SP,ribeira,3
SP,inubia paulista,3
SP,valentim gentil,3
SP,areias,3
SP,herculandia,3
SP,rinopolis,3
SP,pauliceia,3
SP,nuporanga,3
SP,manduri,3
SP,alambari,3
SP,sao luis do paraitinga,3
SP,joao ramalho,3
SP,vista alegre do alto,3
SP,tejupa,3
SP,motuca,3
SP,santo antonio da alegria,3
SP,sao joao de iracema,3
SP,indiana,3
SP,riolandia,3
SP,sabino,3
SP,cruzalia,3
SP,neves paulista,3
SP,santa ernestina,2
SP,guariroba,2
SP,porangaba,2
SP,coroados,2
SP,campina do monte alegre,2
SP,pindorama,2
SP,arapei,2
SP,salmourao,2
SP,ribeirao branco,2
SP,sao francisco,2
SP,dobrada,2
SP,coronel macedo,2
SP,itirapina,2
SP,pedregulho,2
SP,rechan,2
SP,nipoa,2
SP,guaraci,2
SP,nossa senhora do remedio,2
SP,espirito santo do turvo,2
SP,zacarias,2
SP,mogi-mirim,2
SP,bento de abreu,2
SP,moncoes,2
SP,caiua,2
SP,santa maria da serra,2
SP,irape,2
SP,emilianopolis,2
SP,itapirapua paulista,2
SP,pontalinda,2
SP,taciba,2
SP,ipigua,2
SP,murutinga do sul,2
SP,alvares florence,2
SP,rubiacea,2
SP,jaci,2
SP,canitar,2
SP,corumbatai,2
SP,buritizal,2
SP,gaviao peixoto,2
SP,euclides da cunha paulista,2
SP,queluz,2
SP,aparecida de sao manuel,2
SP,presidente alves,2
SP,mariapolis,2
SP,santo antonio do pinhal,2
SP,echapora,2
SP,nova campina,2
SP,rifaina,2
SP,espigao,2
SP,glicerio,2
SP,santa mercedes,2
SP,iacri,2
SP,sao pedro do turvo,2
SP,lucianopolis,2
SP,sarapui,2
SP,paranapua,2
SP,nova canaa paulista,2
SP,alvaro de carvalho,2
SP,patrocinio paulista,2
SP,lourdes,2
SP,getulina,2
SP,magda,2
SP,potim,2
SP,marinopolis,2
SP,narandiba,2
SP,tapirai,2
SP,julio mesquita,2
SP,vargem,2
SP,floreal,2
SP,ajapi,1
SP,planalto,1
SP,sao sebastiao da serra,1
SP,agisse,1
SP,lavrinhas,1
SP,nova guataporanga,1
SP,iaras,1
SP,gabriel monteiro,1
SP,estrela d'oeste,1
SP,tapinas,1
SP,palmeira d oeste,1
SP,balbinos,1
SP,pontes gestal,1
SP,itaoca,1
SP,macaubal,1
SP,cassia dos coqueiros,1
SP,flora rica,1
SP,salto grande,1
SP,natividade da serra,1
SP,piquerobi,1
SP,galia,1
SP,guzolandia,1
SP,riversul,1
SP,guarapua,1
SP,sarutaia,1
SP,embauba,1
SP,monteiro lobato,1
SP,aramina,1
SP,populina,1
SP,santa salete,1
SP,cipo-guacu,1
SP,tecainda,1
SP,estrela d oeste,1
SP,lutecia,1
SP,parisi,1
SP,aparecida d'oeste,1
SP,santo expedito,1
SP,alfredo marcondes,1
SP,turmalina,1
SP,nantes,1
SP,serra azul,1
SP,fernao,1
SP,venda branca,1
SP,bandeirantes d'oeste,1
SP,pinheiros,1
SP,paulistania,1
SP,suzanapolis,1
SP,onda verde,1
SP,ubirajara,1
SP,santa clara d'oeste,1
SP,taiacu,1
SP,ibitiuva,1
SP,avai,1
SP,engenheiro balduino,1
SP,pereiras,1
SP,pedranopolis,1
SP,aparecida de monte alto,1
SP,tuiuti,1
SP,mira estrela,1
SP,santo antonio do aracangua,1
SP,monte castelo,1
SP,oleo,1
SP,anhumas,1
SP,redencao da serra,1
SP,rincao,1
SP,pardinho,1
SP,queiroz,1
SP,rubineia,1
SP,americo de campos,1
SP,anhembi,1
SP,meridiano,1
SP,barao ataliba nogueira,1
SP,jamaica,1
SP,bora,1
SP,boraceia,1
SP,palmares paulista,1
SP,guatapara,1
SP,novais,1
SP,piacatu,1
SP,termas de ibira,1
SP,nova luzitania,1
SP,trabiju,1
SP,nova independencia,1
SP,elisiario,1
SP,jeriquara,1
SP,botelho,1
SP,florinia,1
TO,palmas,91
TO,araguaina,41
TO,gurupi,24
TO,paraiso do tocantins,10
TO,porto nacional,8
TO,tocantinopolis,7
TO,dianopolis,7
TO,alvorada,6
TO,araguatins,5
TO,lagoa da confusao,5
TO,formoso do araguaia,4
TO,guarai,4
TO,conceicao do tocantins,3
TO,pedro afonso,3
TO,xambioa,3
TO,colinas do tocantins,3
TO,taguatinga,3
TO,cristalandia,3
TO,miranorte,2
TO,goianorte,2
TO,sitio novo do tocantins,2
TO,pindorama do tocantins,2
TO,parana,2
TO,arraias,2
TO,alianca do tocantins,2
TO,couto de magalhaes,2
TO,bandeirantes do tocantins,2
TO,cariri do tocantins,2
TO,colmeia,2
TO,barrolandia,2
TO,pugmil,1
TO,combinado,1
TO,fatima,1
TO,divinopolis do tocantins,1
TO,augustinopolis,1
TO,buriti do tocantins,1
TO,praia norte,1
TO,arapoema,1
TO,duere,1
TO,pium,1
TO,carmolandia,1
TO,nova olinda,1
TO,pequizeiro,1
TO,centenario,1
TO,silvanopolis,1
TO,araguacu,1
TO,lajeado,1
TO,peixe,1
TO,natividade,1
TO,esperantina,1
TO,ananas,1
TO,novo jardim,1
TO,almas,1
TO,aparecida do rio negro,1
TO,sandolandia,1
TO,novo alegre,1
